,Unnamed: 0,Cycle,ID,TransID,CRPFilerid,Recipcode,Pacshort,CRPRecipname,Expcode,Amount,Date,City,State,Zip,CmteID_EF,Candid,Type,Descrip,PG,ElecOther,EntType,Source
0,2,2016,1322,BEEDE083F4B8D4A3EBFB,C00136457,RP,,,A40,30,01/25/2015,Concord,NH,033014844,,,,mileag,,,IND,@auto
1,18,2016,12545,VN7K39TS8J6,N00033997,DI,,,A40,214,02/09/2015,,TX,761552664,,,,travel,P2016,,ORG,@auto
2,19,2016,12941,SB174578,N00000738,RN,,Integram,F00,516,03/06/2015,Dulles,VA,,,,,fundrais,P2014,,ORG,@new
3,23,2016,13998,BD0E89C64868F4177B2E,N00026171,RI,,,W10,897,02/01/2015,Orefield,PA,180699513,,,,payrol,G2016,,ORG,@auto
4,25,2016,15385,D352849,N00000939,DI,,,A70,414,02/04/2015,,NY,100361914,,,,storag,P2016,,ORG,@new
5,31,2016,16843,D445920,N00000078,DI,,,R20,150,12/14/2015,Astoria,NY,,,,,donat,P2016,,ORG,@new
6,34,2016,19337,VQZKSA6JQ11,N00038433,DC,,,U10,1000,02/09/2016,Helena,MT,596011006,,,,postag,P2016,,ORG,@auto
7,35,2016,20124,VNTPB9SMNF7,N00001821,DI,,,M00,300,02/03/2016,,MD,206533802,,,,advertis,P2016,,ORG,@new
8,36,2016,20877,B66D3423686C3472892F,N00004961,RI,,,W10,5948,02/29/2016,Collinsville,IL,622340661,,,,payrol,P2016,,IND,@auto
9,38,2016,22237,SB17-EX2457,N00031513,RL,,,A40,914,03/17/2015,Austin,TX,,,,,lodg,P2016,,ORG,@auto
10,41,2016,23756,VN7EC9YFAP1,N00008046,DI,,,R00,100,02/18/2015,Oakland,CA,946211419,,,,donat,P2016,,ORG,@new
11,42,2016,23890,BD386B3277FD747E8A13,N00035380,RI,,,A40,1066,02/12/2015,Atlanta,GA,303541989,,,,travel,P2016,,ORG,@auto
12,44,2016,25463,50323E8416,N00004719,RI,,Comed,A70,88,01/30/2015,,IL,,,,,util,,,ORG,@auto
13,53,2016,32466,D428759,N00002577,DI,,,A40,22,03/24/2015,Atlanta,GA,,,,,travel/lodg,P2016,,ORG,@auto
14,58,2016,34550,50309E6493,N00026163,RI,,,W10,461,03/09/2015,Sharpsburg,GA,302770458,,,,salari,,,IND,@auto
15,59,2016,34850,B-E-11955,N00031104,RI,,,A70,30,02/09/2015,,IL,601742445,,,,telephon,,,ORG,@new
16,62,2016,38645,D561048,N00033390,DI,,,A30,183,02/03/2015,Washington,DC,200034024,C00000935,,,postag,P2016,,PTY,ManAG
17,65,2016,40300,B-S-5436,N00028152,RI,,,W10,1573,02/26/2015,,MD,208155174,,,,payrol,P2016,,IND,@auto
18,66,2016,40314,B-S-5474,N00028152,RI,,,A40,1847,03/05/2015,,CA,913627300,,,,lodg,P2016,,ORG,@auto
19,68,2016,40768,B69CC179060704BEF959,N00026041,RI,,,A70,75,02/01/2015,Midland,TX,797014809,,,,rent,P2016,,ORG,@auto
20,71,2016,42898,EDTB17EXPB12288,N00033367,RI,,,U10,18,03/03/2015,Fresno,CA,,,,,copi,P2016,,ORG,@new
21,73,2016,43455,D568570,N00006023,DI,,,W10,202,01/12/2015,Austin,TX,,,,,tax,P2016,,ORG,@new
22,75,2016,43925,D570693,N00029070,DI,,,W10,2827,01/30/2015,,CT,,,,,payrol,O2016,Convention,IND,@auto
23,81,2016,47329,VPEBZ9TRJP2,N00009724,DI,,,A40,20,01/29/2015,,RI,028183615,,,,fuel,P2016,,ORG,@new
24,87,2016,48999,21b-01-06128-08057,C00162578,DP,,,W10,34,03/25/2015,Roswell,GA,,,,,healthcar,,,ORG,@new
25,89,2016,50507,D666562,C00019331,DP,,,U10,250,03/31/2015,Madison,WI,537010010,,,,postag,,,ORG,@auto
26,90,2016,51319,2015M02L21PA00346,C00003418,RP,,,W10,2240,01/30/2015,WASHINGTON,DC,,,,,payrol,,,IND,@auto
27,92,2016,52156,D750919,C00010033,DP,,,W10,1626,02/20/2015,Bozeman,MT,,,,,salari,P2016,,IND,@auto
28,98,2016,56243,SB21-0044731,C00075820,RP,,,F30,2221,02/04/2015,WASHINGTON,DC,,,,,food/beverag,,,ORG,@new2
29,99,2016,56324,SB21-0042188,C00075820,RP,,,W10,633,02/13/2015,WASHINGTON,DC,,,,,payrol,,,IND,@auto
30,100,2016,57373,2015M03L21PA00353,C00003418,RP,,,W10,2337,02/27/2015,WASHINGTON,DC,,,,,payrol,,,IND,@auto
31,101,2016,58572,D30443,C00010603,DP,,,N10,293,02/13/2015,Wheatfield,IN,,,,,chargeback,,,IND,@new
32,110,2016,62420,SB21B-281539,C00010603,DP,,,W10,1420,04/30/2015,Washington,DC,,,,,salari,,,IND,@auto
33,111,2016,63186,SB21-0042873,C00075820,RP,,,W10,1234,04/15/2015,WASHINGTON,DC,,,,,payrol,,,IND,@auto
34,112,2016,63328,SB21-0043120,C00075820,RP,,,W10,5063,04/30/2015,WASHINGTON,DC,,,,,payrol,,,IND,@auto
35,120,2016,70281,VPE7K9YZVK7,N00000751,DI,,,A70,875,04/27/2015,Wayne,NJ,074703568,,,,rent,P2016,,IND,@auto
36,127,2016,77223,BF72504B0B7BE4419BFD,N00026041,RI,,,U10,10,08/14/2015,Washington,DC,200064502,,,,postag,P2016,,ORG,@auto
37,128,2016,77913,B5C074A073BF047B8AA1,N00030968,RI,,,A40,1702,05/12/2015,Dallas,TX,752197601,,,,airfar,,,ORG,@auto
38,132,2016,79248,SB1766636,N00028249,DL,,,A40,970,03/26/2015,Chicago,IL,,,,,airfar,P2016,,ORG,@auto
39,140,2016,89260,SB17111873,N00013770,RI,,,A70,90,01/11/2016,HOLLIDAYSBURG,PA,,,,,telephon,,,ORG,@new
40,142,2016,90388,VPEGGA1JXR2,N00037036,DO,,,A70,48,03/28/2016,Dallas,TX,752024206,,,,telephon,,,ORG,@new
41,143,2016,90399,VPEGGA1M3C8,N00037036,DO,,,W10,527,04/04/2016,,MD,209106292,,,,salari,,,IND,@auto
42,146,2016,91438,PDTB163EXPB2501,N00033373,DI,,Courtyard,A40,1852,04/13/2015,Austin,TX,,,,,lodg,P2016,,ORG,@auto
43,147,2016,92099,VQZ2TA73511,N00037281,DL,,,U10,58,02/29/2016,,MD,208257554,,,,postag,P2016,,ORG,@auto
44,150,2016,95565,VQZFQA64Z32,N00029841,DL,Lessig2016.us,,N10,199,11/05/2015,Brookline,MA,024463909,,,,refund,G2016,,IND,@new
45,152,2016,98438,D20304,N00000019,DO,,,W10,1478,10/15/2015,,NY,101855256,,,,payrol,P2016,,IND,@auto
46,153,2016,98675,D43655,N00000019,DO,,,A70,60,11/30/2015,,NY,101855256,,,,phone,P2016,,IND,@new
47,155,2016,102252,SB23CCUV102084,N00036973,RL,,,A40,40,11/06/2015,ATLANTA,GA,,,,,travel,,,ORG,@auto
48,157,2016,105252,VNTP89SE6E4,N00035238,DN,,,A20,900,12/16/2015,Washington,DC,200055006,,,,databas,P2016,,ORG,@new
49,163,2016,112659,D126144,N00000019,DO,,,A40,35,11/25/2015,,NY,100364603,,,,travel,P2016,,ORG,@auto
50,165,2016,115102,D91262,N00000019,DO,,,W10,1115,01/15/2016,,NY,101855256,,,,payrol,P2016,,IND,@auto
51,173,2016,118509,D770387,N00029400,DI,,,A40,566,10/23/2015,Dallas,TX,,,,,travel,P2016,,ORG,@auto
52,178,2016,121570,SB1712449,N00033932,RI,,,F00,11167,12/16/2015,Farmington,UT,,C00506931,,,fundrais,C2016,Convention,ORG,@new
53,179,2016,123363,SBCCUV459505,N00033085,RI,,,U10,22,10/07/2015,DALLAS,TX,,,,,postag,,,ORG,@auto
54,180,2016,124418,SBCCUV4510247,N00033085,RI,,Amtrak,A40,278,12/09/2015,WASHINGTON,DC,,,,,travel,,,ORG,@auto
55,181,2016,126352,SB23CCUV101036,N00036973,RL,,,A40,200,10/06/2015,PHOENIX,AZ,,,,,travel,,,ORG,@auto
56,183,2016,127691,SB23111801,N00031348,RL,,,A40,687,10/20/2015,ATLANTA,GA,,,,,travel,,,ORG,@auto
57,188,2016,129758,D87088,N00000019,DO,,,A40,195,10/02/2015,,TX,761552605,,,,travel,P2016,,ORG,@auto
58,189,2016,129831,D84128,N00000019,DO,,,A40,34,09/19/2015,,NY,100011107,,,,travel,P2016,,ORG,@auto
59,192,2016,133350,D21588,N00000019,DO,,,A70,60,10/30/2015,,NY,101855256,,,,phone,P2016,,IND,@new
60,193,2016,133720,D69497,N00000019,DO,,,W10,1917,12/31/2015,,NY,101855256,,,,payrol,P2016,,IND,@auto
61,194,2016,134029,D68956,N00000019,DO,,,W10,1039,12/31/2015,,NY,101855256,,,,payrol,P2016,,IND,@auto
62,195,2016,134462,D43266,N00000019,DO,,,W10,1126,11/30/2015,,NY,101855256,,,,payrol,P2016,,IND,@auto
63,196,2016,135330,D21475,N00000019,DO,,,W10,2653,10/30/2015,,NY,101855256,,,,payrol,P2016,,IND,@auto
64,197,2016,136845,D19952,N00000019,DO,,,W10,1125,10/15/2015,,NY,101855256,,,,payrol,P2016,,IND,@auto
65,200,2016,137442,D21481,N00000019,DO,,,W10,2415,10/30/2015,,NY,101855256,,,,payrol,P2016,,IND,@auto
66,202,2016,137951,D79120,N00000019,DO,,Rmi,U10,299,12/03/2015,,NY,100131408,,,,print,P2016,,ORG,@new
67,203,2016,138354,D21350,N00000019,DO,,,A70,60,10/30/2015,,CA,904011845,,,,phone,P2016,,IND,@new
68,210,2016,142921,SB23I26207,N00037006,RL,,,F30,677,01/08/2016,WASHINGTON,DC,,,,,cater,P2016,,ORG,@new
69,211,2016,143437,SB23I24671,N00037006,RL,,,W10,1161,01/15/2016,MIAMI,FL,,,,,payrol,P2016,,IND,@auto
70,217,2016,149185,SB21B-025676-1,C00003418,RP,,,W10,1282,02/29/2016,WASHINGTON,DC,,,,,payrol,,,IND,@auto
71,223,2016,153823,VQZC4A7AVZ7,N00037524,DC,,,U10,1,03/11/2016,Brighton,MI,481162380,,,,postag,P2016,,ORG,@auto
72,229,2016,157277,D535658,N00034547,DI,,,W10,731,02/29/2016,Washington,DC,200025800,,,,payrol,P2016,,IND,@auto
73,239,2016,162623,SB177464,N00033731,RO,,,A40,99,03/09/2016,Flagstaff,AZ,,,,,travel,P2016,,ORG,@auto
74,240,2016,163843,VPEE2A1NDC3,N00036944,DC,,,F30,262,02/08/2016,Bethesda,MD,208161501,,,,cater,P2016,,ORG,@new
75,245,2016,167268,VPEEG9ZDXT0,N00035215,DI,,,A40,231,08/10/2015,Birmingham,AL,352031103,,,,lodg,P2016,,ORG,@auto
76,246,2016,167366,B3757B780579C4FEF94C,N00029273,RI,,,W10,1785,09/03/2015,Washington,DC,200025607,,,,tax,,,ORG,@new
77,252,2016,171960,SBINDUV9062,N00009975,RI,,,A40,37,07/30/2015,MCLEAN,VA,,,,,travel,,,ORG,@auto
78,258,2016,178338,VPE839ZCSM0,N00000528,DO,,,A40,257,07/23/2015,Portsmouth,NH,038015030,,,,mileag,P2016,,IND,@auto
79,259,2016,178562,VPE839ZYTK7,N00000528,DO,,,W10,1120,09/30/2015,,CA,,,,,payrol,P2016,,IND,@auto
80,261,2016,179301,SB23CCUV10462,N00009975,RI,,,A40,61,09/01/2015,PHOENIX,AZ,,,,,travel,,,ORG,@auto
81,264,2016,180967,VPE839ZTNK3,N00000528,DO,,,W10,375,09/15/2015,Shelburne,VT,054827618,,,,payrol,P2016,,IND,@auto
82,265,2016,181183,VPE839ZEZX1,N00000528,DO,,,W10,3701,08/14/2015,,CA,902101428,,,,payrol,P2016,,IND,@auto
83,266,2016,181422,VPE839ZG9R1,N00000528,DO,,,W10,683,07/30/2015,Concord,MA,017421616,,,,payrol,P2016,,IND,@auto
84,272,2016,184538,SB23CCUV92054,N00036973,RL,,,A40,290,09/04/2015,,IA,,,,,travel,,,ORG,@auto
85,274,2016,185127,SB23CCUV91852,N00036973,RL,,,A40,249,09/04/2015,ATLANTA,GA,,,,,travel,,,ORG,@auto
86,275,2016,185857,D679989,N00024870,DI,,,A40,610,07/02/2015,,CA,,,,,lodg,P2016,,ORG,@auto
87,276,2016,185903,D574457,N00034254,DI,,,W10,1741,07/01/2015,,CA,913625384,,,,payrol,P2016,,IND,@auto
88,284,2016,188743,SB838,N00033486,RL,RickPerry.org,,A40,289,06/05/2015,,NY,,,,,lodg,P2016,,ORG,@auto
89,285,2016,188927,SB587,N00033486,RL,RickPerry.org,,A40,179,08/11/2015,,IA,,,,,lodg,P2016,,ORG,@auto
90,287,2016,190498,B2C168817DD044677BB8,N00036977,RN,MarkForAmerica,,W10,421,08/11/2015,,IA,503112117,,,,salari,P2016,,IND,@auto
91,297,2016,194669,B63087A4462EC403DAF5,N00026043,RI,,,W10,1278,09/08/2015,Lubbock,TX,794534175,,,,salari,P2016,,IND,@auto
92,298,2016,196085,SB23100451,N00031348,RL,,,A40,1045,08/28/2015,ALEXANDRIA,VA,,,,,park,,,ORG,@new
93,302,2016,197258,BBCE5D25775F14652BE1,N00030962,RI,,,W10,966,09/01/2015,,VA,234533028,,,,payrol,P2016,,IND,@auto
94,304,2016,198154,VN7JN9V7NE4,N00035688,DI,,,U10,210,09/15/2015,Tallahassee,FL,323167701,,,,postag,P2016,,ORG,@new
95,306,2016,198552,SB796,N00033486,RL,RickPerry.org,,A40,263,06/25/2015,Pasadena,CA,,,,,lodg,P2016,,ORG,@auto
96,312,2016,203687,VNGZA9V22Q5,N00024978,DI,,,F30,380,06/08/2015,Vienna,VA,221804221,,,,fundraising/cat,P2016,,ORG,@new
97,317,2016,206713,BDA7121EA508C4109852,N00033832,RI,,Distad'S-Bp,A40,43,04/27/2015,Washington,DC,,,,,travel,P2016,,ORG,@auto
98,323,2016,209902,0093195-0001,N00005656,RI,,Brookshire'S,A40,62,05/12/2015,Ennis,TX,,,,,ga,P2016,,ORG,@new
99,324,2016,210807,B5446F6B424E8450B8CB,N00009699,RI,,,F10,6,05/04/2015,Columbus,OH,432151127,,,,postag,P2016,,ORG,@new
100,328,2016,212513,B0D5389E4C5994A75945,N00006263,RI,,,A70,96,04/14/2015,Bellevue,WA,980099681,,,,telephon,P2016,,ORG,@new
101,334,2016,216743,SB17387416,N00024759,RI,,,U10,52,04/06/2015,Anniston,AL,,,,,postag,P2016,,ORG,@auto
102,340,2016,219238,B362A791B464E41139EF,N00036155,RI,,Amtrak,A40,26,01/17/2015,Washington,DC,,,,,travel,P2016,,ORG,@auto
103,343,2016,220809,SB1710831,N00030602,RI,,,F30,540,05/29/2015,Washington,DC,,,,,cater,,,ORG,@new
104,352,2016,223866,VNH479ZB802,N00036097,DI,,,A40,11,06/17/2015,Washington,DC,200013248,,,,travel,P2015,,ORG,@auto
105,355,2016,226088,B70F092323D27406C931,N00031103,RI,,,W10,1834,06/30/2015,Gurnee,IL,600311671,,,,salari,,,IND,@auto
106,357,2016,226890,SB17-EX2496,N00031513,RL,,,F30,1926,04/14/2015,Washington,DC,,,,,food/beverag,P2016,,ORG,@new2
107,358,2016,226915,D463469,N00030856,DI,,,F30,290,05/27/2015,,CA,952499585,,,,cater,,,ORG,@new
108,366,2016,235587,BA62C617142BC4566B32,N00033527,RI,,,A40,496,05/19/2015,,TX,761552605,,,,airfar,P2016,,ORG,@auto
109,369,2016,237953,VPEBZ9Z49A3,N00009724,DI,,,W10,87,04/16/2015,,RI,028525160,,,,payrol,P2016,,IND,@auto
110,370,2016,238668,B1A3E2BA318914935894,N00027462,RI,,,A40,645,05/15/2015,Chicago,IL,606660100,,,,airfar,P2016,,ORG,@auto
111,376,2016,240898,D628065,C00167320,DP,,,W10,1955,06/16/2015,Hartford,CT,,,,,payrol,,,IND,@auto
112,381,2016,245207,SB17I8607,N00026885,RI,,CMDI,F20,789,03/19/2015,,VA,,,,,softwar,,,ORG,@new
113,388,2016,250635,SB174178,N00038810,DL,,,A70,1200,02/16/2016,McAllen,TX,785042571,,,,rent,P2016,,IND,@auto
114,400,2016,258782,B-S-215,C00541011,RP,,,W10,1403,12/10/2015,Washington,DC,200096864,,,,payrol,O2015,,IND,@auto
115,404,2016,260495,B8EB5E20F1D4E4717B32,N00031064,RI,,,W10,1501,02/26/2016,,PA,193802526,,,,payrol,,,IND,@auto
116,411,2016,265154,D522102,N00007727,DI,,,W10,2801,03/30/2016,Portland,OR,972323204,,,,payrol,,,IND,@auto
117,414,2016,266711,B1D9B2E26353D4A92BA2,N00000743,RI,,,A70,27,03/10/2016,Charlotte,NC,282960064,,,,telephon,,,ORG,@new
118,417,2016,270116,BE5BCB22B7E9244F8874,N00027229,RI,,,A40,366,01/11/2016,Bellevue,WA,,,,,airfar,G2014,,ORG,@auto
119,420,2016,272143,D587697,N00029891,DI,,,F30,564,01/06/2016,Washington,DC,200053773,,,,event/cat,P2016,,ORG,@new
120,421,2016,272256,VPEGNA1FCA2,N00033240,DO,,,M20,350,03/14/2016,Chicago,IL,606591841,,,,advertis,P2016,,ORG,@new
121,422,2016,272938,SB17-EX16,N00038845,RO,,Dc-Taxi,A40,23,02/14/2016,Washington,DC,,,,,travel,P2016,,ORG,@auto
122,426,2016,277785,VPE88A1RN61,N00001311,DI,,,R20,1000,02/24/2016,Brooklyn,NY,112013875,,,,contribut,P2016,,ORG,@new2
123,428,2016,279667,VNTT19ST1W4,N00033530,DC,,,A70,1404,01/04/2016,,NV,891134427,,,,rent,P2016,,ORG,@auto
124,432,2016,284043,B98B9EFF3DA99420F95C,N00012739,RI,,Gogoair.Com,A40,50,02/04/2016,Itasca,IL,601431216,,,,travel,,,ORG,@auto
125,434,2016,286634,VN7G79VPGM4,N00038638,DL,,,U10,1822,03/31/2016,,IA,,,,,print,P2016,,ORG,@new
126,437,2016,289859,SB30B308590,C00001305,RP,,,W10,1629,03/31/2016,Manakin-Sabot,VA,,,,,salari,,,IND,@auto
127,441,2016,291583,B59B00A9B60F44FC8BE3,N00031502,RI,,,A30,54,03/02/2016,Washington,DC,200073717,,,,meal,P2016,,ORG,@new
128,443,2016,293356,60314E235180,C00099259,RP,,,W10,1933,03/14/2016,,FL,,,,,fea:payrol,,,IND,@new
129,444,2016,294731,SB21B-289779,C00010603,DP,,,W10,1758,03/31/2016,Washington,DC,,,,,salari,,,IND,@auto
130,449,2016,297273,SB21B-942935,C00000935,DP,,,A40,6307,03/18/2016,Washington,DC,,,,,travel,,,ORG,@auto
131,450,2016,297720,SB21B-942846-20000,C00000935,DP,,,A40,25,02/09/2016,,NV,,,,,travel,,,ORG,@auto
132,451,2016,297944,SB21B-942559,C00000935,DP,,,W10,3915,03/25/2016,Homestead,FL,,,,,payrol,,,IND,@auto
133,452,2016,298190,SB22-941825,C00000935,DP,,,T20,2450,03/04/2016,Lincoln,NE,,C00003988,,,transfer,,,PTY,@new2
134,454,2016,300378,SB23I25954,N00030612,RI,,,W10,1063,03/15/2016,WASHINGTON,DC,,,,,salari,,,IND,@auto
135,455,2016,300555,SB23I25996,N00030612,RI,,,W10,2154,03/15/2016,WASHINGTON,DC,,,,,salari,,,IND,@auto
136,456,2016,300869,SB23I26728,N00030612,RI,,Uber,A40,17,03/07/2016,WASHINGTON,DC,,,,,transport,,,ORG,@auto
137,457,2016,301189,SB23I26576,N00030612,RI,,Uber,A40,5,03/20/2016,WASHINGTON,DC,,,,,transport,,,ORG,@auto
138,458,2016,301319,SB23I27151,N00030612,RI,,,A40,360,03/03/2016,ATLANTA,GA,,,,,airfar,,,ORG,@auto
139,461,2016,305329,D170884,N00000019,DO,,,A70,30,03/15/2016,,NY,101855256,,,,phone,P2016,,IND,@new
140,462,2016,305997,D178086,N00000019,DO,,,W10,1100,03/30/2016,,MD,211463444,,,,payrol,P2016,,IND,@auto
141,463,2016,306467,D172247,N00000019,DO,,,A70,30,03/15/2016,,NY,101855256,,,,phone,P2016,,IND,@new
142,464,2016,307760,D174980,N00000019,DO,,,A40,27,02/14/2016,,OK,731260120,,,,travel,P2016,,ORG,@auto
143,465,2016,307828,D175640,N00000019,DO,,,A40,106,02/21/2016,Parsippany,NJ,070543826,,,,travel,P2016,,ORG,@auto
144,466,2016,308037,D176681,N00000019,DO,,,A40,324,02/08/2016,Dallas,TX,752351908,,,,travel,P2016,,ORG,@auto
145,469,2016,314677,VPE83A15QR7,N00000528,DO,,,W10,740,03/16/2016,,SC,297322580,,,,payrol,P2016,,IND,@auto
146,471,2016,316136,B316A64F826D54AE8A22,N00030836,RI,,,A40,1473,03/08/2016,DALLAS,TX,752351908,,,,airfar,P2016,,ORG,@auto
147,473,2016,318216,VQBGB9HJ2N3,N00037007,DL,,,W10,1151,07/16/2015,Freeport,IL,610324029,,,,salari,P2016,,IND,@auto
148,474,2016,318271,SB23CCUV10248,N00009975,RI,,,A40,347,07/27/2015,BETHESDA,MD,,,,,travel,,,ORG,@auto
149,478,2016,320015,SB23CCUV8221,N00009975,RI,,,A40,253,06/08/2015,MCLEAN,VA,,,,,travel,,,ORG,@auto
150,479,2016,320100,SB23CCUV7985,N00009975,RI,,,A30,6,06/08/2015,,IL,,,,,food/beverag,,,ORG,@new
151,480,2016,320108,SB23CCUV8097,N00009975,RI,,,A40,13,06/08/2015,,NY,,,,,travel,,,ORG,@auto
152,481,2016,320816,SB1785891,N00031545,RI,,,F30,1625,03/11/2015,Washington,DC,,,,,cater,,,ORG,@new
153,482,2016,321289,21b-01-17075-32956,C00011197,DP,,,A40,75,08/27/2015,Georgetown,KY,,,,,mileag,,,IND,@auto
154,484,2016,323278,2015M09L2100225,C00003418,RP,,,W10,200,08/07/2015,AKRON,OH,,,,,stipend,,,IND,@new
155,489,2016,329573,SB21B68356,C00354332,DP,,,A70,585,07/31/2015,Lansing,MI,,,,,rent,,,ORG,@auto
156,490,2016,329634,2015M08L21PA00306,C00003418,RP,,,W10,1389,07/31/2015,WASHINGTON,DC,,,,,payrol,,,IND,@auto
157,495,2016,332213,2015M08L2101056,C00003418,RP,,,W10,200,07/24/2015,LEWISBURG,PA,,,,,stipend,,,IND,@new
158,500,2016,334537,SB21CCUV20054,C00075820,RP,,Hotels.Com,A40,455,07/10/2015,DALLAS,TX,,,,,travel,,,ORG,@auto
159,511,2016,340797,D6702,N00000019,DO,,,A70,60,06/30/2015,,NY,101855256,,,,phone,P2016,,IND,@new
160,513,2016,341160,D7223,N00000019,DO,,,W10,1276,05/15/2015,,NY,101855256,,,,payrol,P2016,,IND,@auto
161,515,2016,341880,D4055,N00000019,DO,,,W10,2133,05/29/2015,,NY,101855256,,,,payrol,P2016,,IND,@auto
162,516,2016,342562,D3677,N00000019,DO,,,W10,1587,05/29/2015,,NY,101855256,,,,payrol,P2016,,IND,@auto
163,517,2016,342793,D7348,N00000019,DO,,,W10,1147,05/15/2015,,NY,101855256,,,,payrol,P2016,,IND,@auto
164,518,2016,343989,D5832,N00000019,DO,,,A40,173,05/21/2015,Burlingame,CA,940102000,,,,travel,P2016,,ORG,@auto
165,519,2016,345940,SB23I17143,N00030612,RI,,,A40,-475,10/16/2015,DALLAS,TX,,,,,airfar,,,ORG,@auto
166,520,2016,346489,SB23I17390,N00030612,RI,,Mgm,A40,1286,11/06/2015,,NV,,,,,lodg,,,ORG,@auto
167,521,2016,347114,SB23I17871,N00030612,RI,,,A40,170,12/04/2015,MAHWAH,NJ,074302230,,,,lodg,,,ORG,@auto
168,522,2016,347324,SB23I2377,N00037008,RL,,,A40,1010,11/13/2015,WASHINGTON,DC,,,,,lodg,P2016,,ORG,@auto
169,524,2016,347957,SB23I15485,N00030612,RI,,,A40,288,12/12/2015,,TX,,,,,airfar,,,ORG,@auto
170,525,2016,349559,SB23I16188,N00030612,RI,,,A40,12,11/11/2015,,NY,100042736,,,,transport,,,ORG,@auto
171,527,2016,350723,SB23I2078,N00037008,RL,,,W10,4048,11/13/2015,CLARK,NJ,,,,,payrol,P2016,,IND,@auto
172,528,2016,350912,SB2398520,N00009975,RI,,,W10,2199,10/05/2015,,NY,,,,,payrol,,,IND,@auto
173,529,2016,350939,SB23I13745,N00030612,RI,,,W10,1462,10/15/2015,WASHINGTON,DC,,,,,salari,,,IND,@auto
174,531,2016,353743,SB23I2203,N00037008,RL,,,A70,205,11/30/2015,ROCKAWAY,NJ,,,,,util,P2016,,ORG,@auto
175,532,2016,353982,SB23DCUV43383,N00009975,RI,,,A40,427,10/29/2015,PARSIPPANY,NJ,,,,,travel,,,ORG,@auto
176,538,2016,361642,SB17-EX2989,N00033399,RI,,Uber,A40,0,11/27/2015,,CA,,,,,transport,P2016,,ORG,@auto
177,539,2016,362201,D584153,C00025254,DP,,,W10,156,12/17/2015,,MN,551043813,,,,payrol,,,IND,@auto
178,541,2016,362738,22-24-00004-00004,C00167346,DP,,,T10,20600,12/02/2015,Washington,DC,,,,,transfer,,,COM,@new2
179,549,2016,367899,B0F56EABF4689440986F,N00000743,RI,,,A40,150,11/16/2015,Sussex,NJ,074612623,,,,mileag,,,IND,@auto
180,550,2016,369361,SB21B10886,C00033134,RP,,,W10,1220,12/10/2015,,CO,,,,,payrol,,,IND,@auto
181,552,2016,369975,BF82E80FF284842D8A19,N00026160,RI,,,U10,135,12/04/2015,Atlanta,GA,303393179,,,,ship,,,ORG,@new
182,554,2016,371286,VPEE2A0YG70,N00036944,DC,,,W10,388,12/15/2015,,NJ,074421810,,,,payrol,P2016,,IND,@auto
183,556,2016,373281,B96B7AEBEE4904EE29DC,N00026627,RI,,,A30,759,10/03/2015,Gastonia,NC,280547501,,,,food/beverag,P2016,,ORG,@new
184,557,2016,373647,B1C58D22036304A50816,N00001811,RI,,,A40,213,10/26/2015,Atlanta,GA,303206001,,,,airfar,P2016,,ORG,@auto
185,558,2016,376230,SB21B-287035,C00010603,DP,,,W10,1203,12/15/2015,Washington,DC,,,,,salari,,,IND,@auto
186,561,2016,377093,D34982,C00010603,DP,,,N10,50,12/01/2015,Atlanta,GA,303071242,,,,chargeback,G2015,,IND,@new
187,566,2016,380964,D12020,N00000019,DO,,,A70,60,08/31/2015,,NY,101855256,,,,phone,P2016,,IND,@new
188,568,2016,381261,D19128,N00000019,DO,,Bcmp,A70,1150,09/03/2015,Berlin,NH,035702417,,,,rent,P2016,,ORG,@auto
189,572,2016,382288,D434452,C00143230,DP,,,W10,573,07/29/2015,Syracuse,NY,,,,,wage,,,IND,@auto
190,574,2016,385184,D17760,N00000019,DO,,,A70,60,09/30/2015,,NY,101855256,,,,phone,P2016,,IND,@new
191,576,2016,385877,D16032,N00000019,DO,,,W10,69714,07/31/2015,,NY,100052433,,,,insur,P2016,,ORG,@new
192,577,2016,385880,D11262,N00000019,DO,,,W10,1586,08/31/2015,,NY,101855256,,,,payrol,P2016,,IND,@auto
193,578,2016,385935,D9963,N00000019,DO,,,A70,60,07/31/2015,,NY,101855256,,,,phone,P2016,,IND,@new
194,585,2016,389678,SB17I1061,N00033814,RI,,,A40,53,07/07/2015,CHARLESTON,WV,,,,,travel,,,ORG,@auto
195,586,2016,390115,SB21B-285427,C00010603,DP,,,A70,314,10/07/2015,ANCHORAGE,AK,,,,,rent,,,ORG,@auto
196,587,2016,390126,SB21B-285439,C00010603,DP,,,F10,2374,10/08/2015,,CA,,,,,telemarket,,,ORG,@new
197,589,2016,390836,SB21B-286341,C00010603,DP,,,W10,2272,11/13/2015,Washington,DC,,,,,salari,,,IND,@auto
198,591,2016,393795,D17501,N00000019,DO,,,A70,60,09/30/2015,,NY,101855256,,,,phone,P2016,,IND,@new
199,592,2016,394336,D12836,N00000019,DO,,,W10,721,07/17/2015,,NY,101855256,,,,payrol,P2016,,IND,@auto
200,594,2016,395014,D11479,N00000019,DO,,,A70,60,08/31/2015,,NY,101855256,,,,phone,P2016,,IND,@new
201,608,2016,409683,SB21B-286023,C00010603,DP,,,W10,2082,10/30/2015,Washington,DC,,,,,salari,,,IND,@auto
202,610,2016,410126,B38EA7E7866B344359B3,N00009778,RL,,,A40,572,08/16/2015,Chicago,IL,606612559,,,,airfar,P2016,,ORG,@auto
203,612,2016,411014,D10097,N00000019,DO,,,A70,60,07/31/2015,,NY,101855256,,,,phone,P2016,,IND,@new
204,616,2016,415102,SB21B-286537,C00010603,DP,,,F10,1912,11/18/2015,Oakland,CA,,,,,telemarket,,,ORG,@new
205,618,2016,416500,VN81E9V9YB8,N00027751,DI,,,A70,130,10/21/2015,Baltimore,MD,212091601,,,,storag,P2016,,ORG,@new
206,624,2016,421192,D16549,N00000019,DO,,,A40,48,07/31/2015,Parsippany,NJ,070543826,,,,travel,P2016,,ORG,@auto
207,625,2016,421271,D13203,N00000019,DO,,,A40,28,08/25/2015,,TX,761552605,,,,travel,P2016,,ORG,@auto
208,626,2016,421447,D18959,N00000019,DO,,,A40,-325,08/31/2015,,NY,101855256,,,,travel,P2016,,IND,@auto
209,627,2016,421649,D16836,N00000019,DO,,,A40,219,06/18/2015,,IA,503094703,,,,travel,P2016,,ORG,@auto
210,628,2016,423078,D10227,N00000019,DO,,,A70,60,07/31/2015,,NY,101855256,,,,phone,P2016,,IND,@new
211,631,2016,425851,SB21-0043777,C00075820,RP,,,W10,2823,06/30/2015,WASHINGTON,DC,,,,,payrol,,,IND,@auto
212,634,2016,428647,SB23I11658,N00030612,RI,,,A40,8,09/21/2015,,CA,,,,,transport,,,ORG,@auto
213,640,2016,434914,BD237464BB75F4829A76,N00037426,RL,,,W10,1000,08/03/2015,Carmel,IN,460324210,,,,salari,P2016,,IND,@auto
214,645,2016,438675,SB23I13052,N00030612,RI,,,A40,230,09/08/2015,,TX,,,,,airfar,,,ORG,@auto
215,648,2016,442294,SB234837,N00007539,RL,,,W10,1563,06/30/2015,Fayetteville,AR,,,,,payrol,P2016,,IND,@auto
216,649,2016,442562,D515379,C00040857,DP,,,F30,60,09/19/2015,,MI,,,,,bingo,,,IND,@new
217,651,2016,444783,30b-01-10154-17130,C00165688,DP,,,W10,2301,09/29/2015,Raleigh,NC,,,,,payrol,,,IND,@auto
218,656,2016,452065,SB21-0045336,C00075820,RP,,,W10,2918,10/30/2015,WASHINGTON,DC,,,,,payrol,,,IND,@auto
219,659,2016,452943,SBCCUV44489,N00003675,RI,,,A30,51,08/15/2015,,OH,,,,,food/beverag,,,ORG,@new
220,660,2016,454674,2015M11L21PA00384,C00003418,RP,,,W10,1154,10/30/2015,WASHINGTON,DC,,,,,payrol,,,IND,@auto
221,663,2016,456810,SB21B-938489,C00000935,DP,,,W10,2630,10/23/2015,Washington,DC,,,,,payrol,,,IND,@auto
222,666,2016,458645,SB171087,N00035523,RI,,,W10,1190,09/18/2015,CASTLETON,NY,,,,,payrol,,,IND,@auto
223,669,2016,460436,2015M06L21PA00033,C00003418,RP,,,W10,1607,05/15/2015,WASHINGTON,DC,,,,,payrol,,,IND,@auto
224,670,2016,461766,2015M07L21PA00211,C00003418,RP,,,W10,1823,06/30/2015,WASHINGTON,DC,,,,,payrol,,,IND,@auto
225,682,2016,468976,SB21B71970,C00354332,DP,,,W10,164,12/29/2015,Warren,MI,,,,,payrol,,,IND,@auto
226,691,2016,473124,2015M04L21PA00176,C00003418,RP,,,W10,2878,03/13/2015,WASHINGTON,DC,,,,,payrol,,,IND,@auto
227,694,2016,474987,VN7PT9VDTY6,N00035410,DC,,,W10,1669,11/13/2015,,IA,,,,,salari,P2016,,IND,@auto
228,695,2016,475148,0013496,N00029736,RI,,,W10,6720,12/01/2015,,PA,,,,,payrol,P2016,,ORG,@auto
229,698,2016,476450,VPEGNA09AR7,N00033240,DO,,,A40,499,10/02/2015,Chicago,IL,606011712,,,,travelairfar,P2016,,ORG,@new
230,700,2016,479162,SB23I4001,N00037006,RL,,,W10,2135,08/14/2015,MIAMI,FL,,,,,payrol,P2016,,IND,@auto
231,704,2016,480449,SB23I5009,N00037006,RL,,,A40,55,08/07/2015,DALLAS,TX,,,,,travel,P2016,,ORG,@auto
232,705,2016,480462,SB23I5023,N00037006,RL,,,A40,305,08/07/2015,ATLANTA,GA,,,,,airfar,P2016,,ORG,@auto
233,707,2016,481865,SB23I4736,N00037006,RL,,,A40,30,08/14/2015,DALLAS,TX,,,,,travel,P2016,,ORG,@auto
234,728,2016,493941,SB254681,N00038339,DN,,,M00,1200,11/10/2015,,,,C00588426,,,advertis,P2016,,IND,@new
235,729,2016,495154,SB23I3198,N00037008,RL,,,W10,2186,01/13/2016,SOMERVILLE,NJ,,,,,payrol,P2016,,IND,@auto
236,731,2016,496511,SB21B-288236,C00010603,DP,,,W10,1855,01/29/2016,Washington,DC,,,,,salari,,,IND,@auto
237,736,2016,500178,BB9ED8AF246B14E9EB3A,N00001380,RL,,,A40,189,01/29/2016,,NV,891098941,,,,travel/lodg,P2016,,ORG,@auto
238,738,2016,500674,SB171215,N00031348,RL,,,W10,4142,01/29/2016,ALEXANDRIA,VA,,,,,payrol,,,IND,@auto
239,740,2016,501699,SB23990355,N00033085,RI,,,W10,1000,01/20/2016,HOUSTON,TX,,,,,payrol,,,IND,@auto
240,742,2016,502801,SB23I19415,N00030612,RI,,,A40,93,01/04/2016,,TX,,,,,airfar,,,ORG,@auto
241,743,2016,503574,SB23I21473,N00030612,RI,,,A40,33,01/12/2016,DALLAS,TX,,,,,airfar,,,ORG,@auto
242,745,2016,504465,SB23I20470,N00030612,RI,,Uber,A40,14,01/11/2016,,CA,,,,,transport,,,ORG,@auto
243,746,2016,504630,SB23I20611,N00030612,RI,,,A40,149,01/15/2016,MAHWAH,NJ,074302230,,,,lodg,,,ORG,@auto
244,747,2016,505163,SB23I21144,N00030612,RI,,Uber,A40,7,01/11/2016,,CA,,,,,transport,,,ORG,@auto
245,748,2016,506483,VQBGB9HNQ57,N00037007,DL,,,U10,229,01/01/2016,Atlanta,GA,303283474,,,,ship,P2016,,ORG,@new
246,749,2016,507262,B-142,N00038755,RL,,,U10,49,02/16/2016,Hamilton,OH,,,,,postag,S2016,,COM,@auto
247,756,2016,509063,SB23CCUV37298,N00036973,RL,,,A40,4035,02/03/2016,,IA,,,,,travel,,,ORG,@auto
248,758,2016,512622,D137905,N00000019,DO,,,W10,1019,02/15/2016,,NY,101855256,,,,payrol,P2016,,IND,@auto
249,759,2016,512902,D147396,N00000019,DO,,,A70,30,02/29/2016,,NY,101855256,,,,phone,P2016,,IND,@new
250,760,2016,515034,D150144,N00000019,DO,,,A40,9,12/04/2015,Newark,NJ,071011270,,,,travel,P2016,,ORG,@auto
251,761,2016,516055,D152610,N00000019,DO,,,A40,9,01/26/2016,Newark,NJ,071011270,,,,travel,P2016,,ORG,@auto
252,762,2016,517274,D154274,N00000019,DO,,,A40,148,01/26/2016,,MN,551201128,,,,travel,P2016,,ORG,@auto
253,763,2016,517495,D153575,N00000019,DO,,,U10,1035,01/29/2016,,IA,503132128,,,,print,P2016,,ORG,@new
254,764,2016,518047,D153787,N00000019,DO,,,A40,159,01/31/2016,,VA,221023388,,,,travel,P2016,,ORG,@auto
255,767,2016,521618,VQZDHA7GQY3,N00003813,DI,,,U60,60,01/06/2016,Merrillville,IN,464103451,,,,flower,P2016,,ORG,@new
256,768,2016,522755,VQZ8SA68Q91,N00037530,DC,,,A70,550,12/07/2015,,SD,571063143,,,,rent,P2016,,ORG,@auto
257,770,2016,524280,BC1934639BCED4162814,N00009778,RL,,,W10,3028,02/29/2016,Columbus,OH,432154037,,,,salari,P2016,,ORG,@auto
258,771,2016,526308,D523260,N00007727,DI,,,F30,7469,04/22/2016,Washington,DC,,,,,cater,,,ORG,@new
259,776,2016,527763,SB17I202,N00038259,RO,,,W10,200,04/25/2016,FULTON,KY,,,,,payrol,,,ORG,@auto
260,778,2016,528920,SB256048,N00038339,DN,,,M30,250,04/13/2016,,CA,,C00588426,,,advertis,P2016,,ORG,@new
261,779,2016,529018,D522332,N00027035,DI,,,A30,72,02/03/2016,Washington,DC,,,,,meal,P2016,,ORG,@new
262,781,2016,530451,SB23UV34670,N00033085,RI,,,A40,16,02/03/2016,,IA,,,,,travel,,,ORG,@auto
263,788,2016,536227,SB23I9362,N00037006,RL,,,W10,1925,10/31/2015,MIAMI,FL,,,,,payrol,P2016,,IND,@auto
264,792,2016,540039,SB23I19381,N00037006,RL,,,A70,34,10/30/2015,ATLANTA,GA,,,,,util,P2016,,ORG,@auto
265,793,2016,540119,SB23I17938,N00037006,RL,,,A40,68,11/06/2015,DALLAS,TX,,,,,airfar,P2016,,ORG,@auto
266,795,2016,540650,SB23I19872,N00037006,RL,,,A40,9,11/20/2015,DALLAS,TX,,,,,travel,P2016,,ORG,@auto
267,797,2016,543247,SB23I27741,N00037006,RL,,,W10,2535,02/12/2016,MIAMI,FL,,,,,payrol,P2016,,IND,@auto
268,800,2016,548139,D505865,C00013748,DP,,,U30,400,04/08/2016,Lincoln,ND,585049401,,,,event/entertain,,,IND,@new
269,801,2016,548739,SB23CCUV10372,N00036973,RL,,,A30,80,03/03/2016,HOUSTON,TX,,,,,food/beverag,,,ORG,@new
270,803,2016,549853,B35F6380D815E478E9D5,N00009778,RL,,Speedway,A40,21,03/09/2016,Springfield,OH,455011500,,,,ga,P2016,,ORG,@new
271,805,2016,551602,SB21-0047847,C00075820,RP,,,W10,1479,04/29/2016,WASHINGTON,DC,,,,,payrol,,,IND,@auto
272,806,2016,552545,SB21B-867,C00571133,DP,,,W10,3605,04/15/2016,PHILADELPHIA,PA,,,,,salari,,,IND,@auto
273,807,2016,553694,SB23UV341684,N00036973,RL,,,A40,647,01/05/2016,ATLANTA,GA,,,,,travel,,,ORG,@auto
274,808,2016,554045,SB23UV341202,N00036973,RL,,,A30,12,01/05/2016,STAMFORMD,CT,,,,,food/beverag,,,ORG,@new
275,812,2016,557066,VPE83A1CD35,N00000528,DO,,,W10,1450,04/29/2016,Canterbury,NH,032242702,,,,payrol,P2016,,IND,@auto
276,813,2016,557223,VPE83A1CBS6,N00000528,DO,,,W10,3306,04/29/2016,Tucson,AZ,857051143,,,,payrol,P2016,,IND,@auto
277,814,2016,557380,VPE83A1CB99,N00000528,DO,,,W10,1579,04/29/2016,Portland,ME,041025115,,,,payrol,P2016,,IND,@auto
278,820,2016,561419,B6BE6EEE1ABA24F4D9D7,C00038505,RP,,,A40,373,04/14/2016,Bedford,TX,,,,,airfar,,,ORG,@auto
279,821,2016,563030,SB21B-943714,C00000935,DP,,,W10,4778,04/25/2016,Washington,DC,,,,,payrol,,,IND,@auto
280,822,2016,563044,SB21B-943726,C00000935,DP,,,W10,2439,04/25/2016,Washington,DC,,,,,payrol,,,IND,@auto
281,824,2016,565071,D189011,N00000019,DO,,,W10,1039,04/29/2016,Gainesville,FL,326031529,,,,payrol,P2016,,IND,@auto
282,825,2016,566959,D188366,N00000019,DO,,,A70,30,04/29/2016,,NY,101855256,,,,phone,P2016,,IND,@new
283,827,2016,567348,D188487,N00000019,DO,,,A70,30,04/29/2016,,NY,101855256,,,,phone,P2016,,IND,@new
284,828,2016,568400,D193040,N00000019,DO,,,U10,212,03/08/2016,,CA,941071366,,,,ship,P2016,,ORG,@new
285,829,2016,568758,D193271,N00000019,DO,,,A40,137,03/13/2016,Parsippany,NJ,070543826,,,,travel,P2016,,ORG,@auto
286,830,2016,569198,D193532,N00000019,DO,,,A40,50,03/22/2016,,OK,731260120,,,,travel,P2016,,ORG,@auto
287,831,2016,569774,D193464,N00000019,DO,,,A40,36,03/24/2016,,NY,115770030,,,,travel,P2016,,ORG,@auto
288,832,2016,570519,D193056,N00000019,DO,,,A40,214,03/09/2016,,TX,761552605,,,,travel,P2016,,ORG,@auto
289,833,2016,571440,D193479,N00000019,DO,,,U10,40,03/17/2016,,CA,941071366,,,,ship,P2016,,ORG,@new
290,834,2016,571760,D199417,N00000019,DO,,,A40,28,04/18/2016,,VA,221023388,,,,travel,P2016,,ORG,@auto
291,837,2016,574366,BD5FD5498C81F451AB84,C00031088,RP,,,W10,1328,02/29/2016,,WA,993628287,,,,salari,,,IND,@auto
292,850,2016,581172,SB23363071,N00023864,RO,,,W10,1500,02/12/2016,,NY,,,,,payrol,P2016,,IND,@auto
293,851,2016,582671,SB17-EX4651,N00031127,RI,,Alphagraphics,U10,293,01/08/2016,Strongsville,OH,,,,,print,P2016,,ORG,@new
294,852,2016,582968,SBCCUV19476,N00033085,RI,,Uber,A40,82,07/03/2015,,CA,,,,,travel,,,ORG,@auto
295,859,2016,588136,30b-58-01459-03326,C00161786,DP,,,W10,1162,08/30/2015,Denver,CO,,,,,payrol,,,IND,@auto
296,860,2016,589350,B764F1CE4C73448DDBAC,N00031134,RI,,,U10,164,12/03/2015,,PA,190264816,,,,postag,P2016,,ORG,@auto
297,863,2016,590123,SB17I2083,N00031226,RI,,Speedway,A40,225,08/10/2015,SPRINGFIELD,OH,,,,,ga,,,ORG,@new
298,876,2016,595223,SB21B-936325-80000,C00000935,DP,,,A40,14,06/22/2015,,CA,,,,,travel,,,ORG,@auto
299,883,2016,599457,BF920775E06E04342975,N00004719,RI,,,U10,20,09/29/2015,Wheaton,IL,601875139,,,,postag,,,ORG,@auto
300,885,2016,600212,B9D2E448CD8A24A5A8DC,N00035007,RI,,,A40,1797,01/02/2016,,TX,,,,,flight,P2016,,ORG,@new
301,891,2016,604444,SB23I23787,N00030612,RI,,,A40,147,02/24/2016,,SC,,,,,lodg,,,ORG,@auto
302,892,2016,604470,SB23I24436,N00030612,RI,,Uber,A40,14,02/15/2016,,IL,,,,,transport,,,ORG,@auto
303,893,2016,604561,SB23I23035,N00030612,RI,,Amtrak,A40,152,02/27/2016,WASHINGTON,DC,205494285,,,,transport,,,ORG,@auto
304,894,2016,604819,SB23I23339,N00030612,RI,,,A40,412,02/11/2016,,TX,,,,,airfar,,,ORG,@auto
305,897,2016,607980,SB21B-941527,C00000935,DP,,,W10,8092,02/25/2016,,MD,,,,,payrol,,,IND,@auto
306,898,2016,608107,SB21B-941647,C00000935,DP,,,W10,6114,02/25/2016,Washington,DC,,,,,payrol,,,IND,@auto
307,900,2016,608386,SB21B-942010-20000,C00000935,DP,,,A40,9,02/01/2016,,TX,,,,,travel,,,ORG,@auto
308,901,2016,608946,SB21B-941980-110000,C00000935,DP,,,A40,6,02/03/2016,Orlando,FL,,,,,travel,,,ORG,@auto
309,902,2016,609330,SB21B-289092,C00010603,DP,,,W10,2087,02/29/2016,Washington,DC,,,,,salari,,,IND,@auto
310,903,2016,610075,SB21B-288627,C00010603,DP,,,W10,1340,02/12/2016,Baltimore,MD,,,,,salari,,,IND,@auto
311,916,2016,617596,VPE83A158B2,N00000528,DO,,,W10,2876,03/15/2016,Washington,DC,200024489,,,,payrol,P2016,,IND,@auto
312,918,2016,618842,VPE83A15X43,N00000528,DO,,,W10,714,03/30/2016,Sudbury,MA,017762214,,,,payrol,P2016,,IND,@auto
313,922,2016,621493,B0598E21E1C154F7D9CE,N00013799,RL,,,W10,231,04/15/2016,Gloucester,VA,230615305,,,,payrol,P2016,,IND,@auto
314,923,2016,623033,SB23793,N00033085,RI,,,W10,1350,03/18/2016,HOUSTON,TX,,,,,payrol,,,IND,@auto
315,924,2016,623230,B-127,N00038684,RO,,,U10,196,02/19/2016,Lafayette,LA,,,,,postag,P2016,,ORG,@auto
316,925,2016,624745,VPE83A0M4N1,N00000528,DO,,,W10,1129,01/15/2016,,MN,551175458,,,,payrol,P2016,,IND,@auto
317,926,2016,625384,VPE83A086Z8,N00000528,DO,,,W10,1925,10/30/2015,Denver,CO,802463430,,,,payrol,P2016,,IND,@auto
318,927,2016,626487,VPE83A0E141,N00000528,DO,,,W10,745,12/15/2015,Burlington,VT,054013643,,,,payrol,P2016,,IND,@auto
319,934,2016,629918,VQZQFA2KT15,C00040857,DP,,,F30,64,10/26/2015,,MI,,,,,bingo,,,IND,@new
320,936,2016,631368,D587476,C00025254,DP,,,W10,192,03/18/2016,,MN,,,,,payrol,,,ORG,@auto
321,945,2016,641210,VPE83A0E896,N00000528,DO,,,W10,1300,12/15/2015,Woodstock,CT,062813212,,,,payrol,P2016,,IND,@auto
322,950,2016,646118,VPE83A0MBB5,N00000528,DO,,,W10,1051,01/15/2016,Hooksett,NH,031061838,,,,payrol,P2016,,IND,@auto
323,951,2016,646633,VPE83A0KZW4,N00000528,DO,,,W10,2042,01/15/2016,,SC,294390983,,,,payrol,P2016,,IND,@auto
324,958,2016,649611,B0AFCABA9B4CD43C7ACA,C00082925,RP,,,W10,1076,05/12/2016,,NV,891223464,,,,salari,,,IND,@auto
325,964,2016,651938,SB23CCUV10032,N00033085,RI,,,A30,35,03/03/2016,MARION,SC,,,,,food/beverag,,,ORG,@new
326,965,2016,651972,SB23CCUV10334,N00033085,RI,,Uber,A40,61,03/03/2016,,CA,,,,,travel,,,ORG,@auto
327,966,2016,652374,VQZQFA3SP09,C00040857,DP,,,F30,12,10/24/2015,Detroit,MI,482133704,,,,bingo,,,IND,@new
328,968,2016,652738,VQZQFA2YZ54,C00040857,DP,,,F30,7,10/17/2015,,MI,483105945,,,,bingo,,,IND,@new
329,973,2016,657771,D576330,C00025254,DP,,,W10,2873,06/26/2015,Eagan,MN,551224217,,,,payrol,,,IND,@auto
330,977,2016,660651,B-E-38630,N00032022,RI,,,W10,45,04/06/2016,Dallas,TX,753680001,,,,insur,P2016,,ORG,@new
331,982,2016,664134,VPE83A14SD7,N00000528,DO,,,W10,50,03/10/2016,Addison,VT,,,,,payrol,P2016,,IND,@auto
332,984,2016,665372,VPF6VHME5X7I,N00000751,DI,,,F30,79,05/12/2016,Washington,DC,200013865,,,,cater,P2016,,PAC,@new
333,985,2016,665510,BB9F43C5B80E24A22840,N00000851,RI,,,M00,500,04/27/2016,Trenton,NJ,086081102,,,,advertis,,,ORG,@new
334,986,2016,665931,VPE83A14TZ2,N00000528,DO,,,W10,100,03/10/2016,Superior,CO,800278292,,,,payrol,P2016,,IND,@auto
335,989,2016,667907,VPE83A0RPK3,N00000528,DO,,,W10,1515,02/12/2016,Colleyville,TX,760344622,,,,payrol,P2016,,IND,@auto
336,990,2016,670252,VPE83A0SK88,N00000528,DO,,,W10,1841,02/29/2016,,IL,604632905,,,,payrol,P2016,,IND,@auto
337,991,2016,670320,VPE83A0SMR6,N00000528,DO,,,W10,4952,02/29/2016,,VA,220462619,,,,payrol,P2016,,IND,@auto
338,997,2016,674457,VQZ7EA7NNC0,N00037264,DC,,,A40,134,04/24/2016,,NY,100194369,,,,travel,P2016,,ORG,@auto
339,1002,2016,680854,SB22-944738,C00000935,DP,,,T20,2090,05/20/2016,Concord,NH,,C00178038,,,transfer,,,PTY,@new2
340,1004,2016,683492,B19B04824AC564DB3B3E,N00037595,RL,,,U20,600,05/19/2016,Washington,DC,200031164,,,,softwar,P2016,,ORG,@new
341,1009,2016,686230,VPE83A15TS0,N00000528,DO,,,W10,2083,03/30/2016,Remsen,NY,134384435,,,,payrol,P2016,,IND,@auto
342,1011,2016,687512,SB23CCUV56966,N00033085,RI,,,A40,450,04/04/2016,MIAMI,FL,,,,,travel,,,ORG,@auto
343,1012,2016,687593,SB23INDUV3518,N00033085,RI,,,A40,217,04/15/2016,,MO,,,,,travel,,,ORG,@auto
344,1013,2016,688111,SB23CCUV57196,N00033085,RI,,,A40,674,04/04/2016,ATLANTA,GA,,,,,travel,,,ORG,@auto
345,1019,2016,690875,B8E2736CDA312459688A,N00030676,RI,,,A30,187,08/29/2015,Springfield,MO,658092821,,,,meal,P2016,,ORG,@new
346,1020,2016,690878,B5D96B1646B9F48EDAF2,N00030676,RI,,,A30,16,08/31/2015,Springfield,MO,658075707,,,,meal,P2016,,ORG,@new
347,1025,2016,692370,B00CEE9DCFF174D0DB0B,N00037528,RO,,,C10,319,01/26/2016,Millbrook,NY,125450150,,,,print,P2016,,ORG,@new
348,1026,2016,693309,SB17I7289,N00029258,RI,,,A30,58,10/30/2015,ENCINITAS,CA,,,,,food/beverag,,,ORG,@new
349,1029,2016,694208,SB17I7298,N00029258,RI,,,A30,46,11/06/2015,ENCINITAS,CA,,,,,food/beverag,,,ORG,@new
350,1030,2016,694428,SB21B49799,C00350991,3P,,,M00,3600,05/26/2016,Brooklyn,NY,,,,,advertis,,,ORG,@new
351,1032,2016,695443,B2F222B4D797648249B9,N00030676,RI,,,A40,280,04/07/2015,Dallas,TX,752619688,C00107300,,,airfar,P2016,,PAC,@auto
352,1033,2016,697015,SB21B-291046,C00010603,DP,,,W10,1226,05/13/2016,Washington,DC,,,,,salari,,,IND,@auto
353,1039,2016,699457,D207145,N00000019,DO,,,A40,9,05/17/2016,Newark,NJ,071011270,,,,travel,P2016,,ORG,@auto
354,1047,2016,707859,D203906,N00000019,DO,,,A70,30,05/31/2016,,NY,101855256,,,,phone,P2016,,IND,@new
355,1048,2016,708359,D205746,N00000019,DO,,,A40,166,05/17/2016,Parsippany,NJ,070543826,,,,travel,P2016,,ORG,@auto
356,1049,2016,708487,VPE83A1GAQ9,N00000528,DO,,,W10,1038,05/27/2016,Ogunquit,ME,039073127,,,,payrol,P2016,,IND,@auto
357,1050,2016,709213,VPE83A1G4Q7,N00000528,DO,,,W10,882,05/13/2016,Gilbert,AZ,852343112,,,,payrol,P2016,,IND,@auto
358,1051,2016,710424,D203201,N00000019,DO,,,W10,3781,05/31/2016,,NY,101855256,,,,payrol,P2016,,IND,@auto
359,1052,2016,710751,VPE83A1J4P4,N00000528,DO,,,N10,14,05/31/2016,,MI,488232039,,,,refund,P2016,,IND,@new
360,1053,2016,711691,D212216,N00000019,DO,,,A40,25,05/12/2016,Atlanta,GA,303541989,,,,travel,P2016,,ORG,@auto
361,1055,2016,711813,VPE83A1G7F0,N00000528,DO,,,W10,697,05/13/2016,Lawrence,KS,660493739,,,,payrol,P2016,,IND,@auto
362,1057,2016,712435,VPE83A1H726,N00000528,DO,,,N10,367,05/15/2016,,CA,919415117,,,,refund,P2016,,IND,@new
363,1058,2016,712692,D203622,N00000019,DO,,,W10,1147,05/31/2016,,NY,101855256,,,,payrol,P2016,,IND,@auto
364,1060,2016,714025,D200614,N00000019,DO,,,W10,1525,05/13/2016,,NY,101855256,,,,payrol,P2016,,IND,@auto
365,1061,2016,714048,D200674,N00000019,DO,,,W10,2826,05/13/2016,,NY,100119704,,,,payrol,P2016,,IND,@auto
366,1062,2016,714183,D203016,N00000019,DO,,,A70,30,05/31/2016,,NY,101855256,,,,phone,P2016,,IND,@new
367,1063,2016,714910,D200805,N00000019,DO,,,W10,1364,05/13/2016,,NY,101855256,,,,payrol,P2016,,IND,@auto
368,1065,2016,715968,D206498,N00000019,DO,,Amtrak,A40,121,05/17/2016,Washington,DC,200024285,,,,travel,P2016,,ORG,@auto
369,1069,2016,717788,B011924BDF3E740229E3,C00038505,RP,,,A40,35,05/03/2016,Atlanta,GA,303206001,,,,baggag,,,ORG,@new
370,1070,2016,718195,SB21B-030028-1,C00003418,RP,,,W10,10377,05/31/2016,RICHMOND,VA,,,,,tax,,,ORG,@new
371,1071,2016,718521,SB21B-029887-1,C00003418,RP,,,W10,1604,05/31/2016,WASHINGTON,DC,,,,,payrol,,,IND,@auto
372,1075,2016,719447,SB21-0050299,C00075820,RP,,,A40,167,05/19/2016,Chicago,IL,,,,,travel,,,ORG,@auto
373,1083,2016,726469,SB21B-246488-30000,C00193433,PI,,,F30,185,02/06/2015,WASHINGTON,DC,200095726,,,,catering/facil,,,ORG,@new
374,1087,2016,730165,37901216,C00113803,PB,,,R30,2500,02/13/2015,,OR,,C00333427,H6OR02116,,contribut,P2016,,CCM,@new
375,1090,2016,731856,SB2316101,C00034272,PB,,,R30,2000,03/09/2015,SAVANNAH,GA,,,,,contribut,P2016,,PAC,@new3
376,1097,2016,739267,SB235970,C00017681,PB,,,R30,5000,02/18/2016,HONOLULU,HI,,,S4HI00136,,contribut,G2016,,CCM,@new3
377,1112,2016,749874,BA5A3DF1FB397423A928,C00409003,PI,,,W10,1588,03/13/2015,,SD,571046026,,,,payrol,,,IND,@auto
378,1118,2016,752044,SB2330337,C00438051,PB,,,R30,1000,03/30/2015,TEMPE,AZ,,,H2AZ09019,,contribut,P2016,,PAC,@new3
379,1120,2016,752618,64970262,C00131185,PB,,,R30,1000,03/27/2015,,PA,,C00554899,H0PA06076,,contribut,P2016,,CCM,@new
380,1121,2016,752889,B550161,C00009282,PB,,,R50,5000,03/20/2015,Alexandria,VA,,C00412288,,,contribut,O2015,,PAC,@new2
381,1122,2016,752939,B499580,C00005157,PL,,,R30,-1000,03/01/2015,Brainerd,MN,,C00499053,H2MN08111,,contribut,P2014,,CCM,@new
382,1125,2016,753861,64937802,C00097485,PB,,,R30,2500,03/19/2015,Manchester,NH,031050937,C00464297,S0NH00235,,contribut,P2016,,CCM,@new
383,1127,2016,754861,SB234253,C00399196,PI,,,R30,5000,03/24/2015,CONCORD,NH,,,H0NH02181,,contribut,P2016,,CCM,@new3
384,1128,2016,756066,SB2346505,C00225342,PB,,,R50,2500,03/26/2015,WASHINGTON,DC,,,,,contribut,,,PAC,@new2
385,1132,2016,761633,6787073,C00365502,PB,,,R50,5000,02/10/2015,Amarillo,TX,,C00404418,,,contribut,,,PAC,@new2
386,1507,2016,1021014,B551471,C00064766,PB,,,R30,1000,04/13/2015,Washington,DC,,C00554261,H4VA10010,,contribut,P2016,,CCM,@new3
387,1510,2016,1022134,6952899,C00158576,PL,,,R40,1000,04/14/2015,Succasunna,NJ,,,,,contribut,,,COM,@new2
388,1512,2016,1022264,65154509,C00219642,PB,,,R30,3000,04/10/2015,Alexandria,VA,,C00341891,,,contribut,P2016,,CCM,@new3
389,1513,2016,1022441,SB21BI22186,C00305805,PI,,,W10,483,04/15/2015,WASHINGTON,DC,,,,,salari,,,IND,@auto
390,1519,2016,1026468,65183041,C00251876,PB,,,R30,2500,04/13/2015,Sacramento,CA,,C00473272,H0CA19173,,contribut,P2016,,CCM,@new3
391,1521,2016,1028948,SB21B-249869-60000,C00193433,PI,,,U10,36,04/23/2015,CARROLLTON,TX,750068321,,,,deliveri,,,ORG,@new
392,1524,2016,1029933,50512E527,C00411611,PI,,,R50,5000,04/15/2015,Bolton,MS,,,,,contribut,P2015,,PAC,ManAG
393,1525,2016,1032252,SB2332535,C00100131,PB,,,R30,2500,05/04/2015,Portland,OR,,,S6OR00110,,contribut,P2016,,CCM,@new3
394,1526,2016,1033474,B546759,C00111880,PB,,,R30,2500,03/03/2015,,CA,,C00512202,H2CA08164,,contribut,P2016,,CCM,@new
395,1527,2016,1034905,SB2310702,C00076737,PB,,,N99,1500,04/21/2015,FLORENCE,AZ,,C00461806,,,redesignate:,P2016,,CCM,ManAD
396,1529,2016,1036622,B575175,C00501163,PB,,,R30,1000,06/04/2015,Washington,DC,,C00503110,H2CA52089,,contribut,P2016,,CCM,@new
397,1530,2016,1036809,SB238983,C00350835,PB,,,R30,1500,03/13/2015,,SD,,,S2SD00068,,contribut,P2016,,CCM,@new3
398,1539,2016,1040173,B546995,C00364133,PB,,,R20,900,03/06/2015,Harrisburg,PA,,C00044842,,,contribut,O2015,,PTY,@new
399,1541,2016,1041458,SB21B5046,C00461996,PI,,,F30,180,05/07/2015,Washington,DC,,,,,food/beverag,,,ORG,@new
400,1542,2016,1041712,SB2319871,C00390575,PB,,,R50,5000,03/05/2015,Alexandria,VA,,,,,contribut,,,PAC,@new2
401,1543,2016,1042017,50615E1571,C00296640,PI,,,R30,4000,03/26/2015,Alexandria,VA,,,S6AZ00019,,contribut,P2016,,CCM,@new3
402,1544,2016,1042757,B566974,C00118430,PB,,,R30,1000,03/02/2015,Wadsworth,OH,,C00466359,H0OH16097,,contribut,P2016,,CCM,@new
403,1545,2016,1042879,D165838,C00384602,PB,,,R30,2000,02/12/2015,,CA,900260878,C00264101,H2CA30143,,contribut,P2016,,CCM,@new
404,1546,2016,1042946,B547113,C00414474,PB,,,R30,1000,03/06/2015,Washington,DC,,C00193623,S6AL00013,,contribut,P2016,,CCM,@new
405,1561,2016,1053025,SB21B4794,C00341396,PI,Moveon.org,,W10,1020,02/15/2015,,MI,,,,,payrol,,,IND,@auto
406,1566,2016,1055856,D573778,C00540443,OI,,,A40,120,01/22/2015,Fairfax,VA,220312404,,,,travel/accommodations/m,,,ORG,@new
407,1567,2016,1055876,D574439,C00540443,OI,,,U10,29,01/22/2015,Tucson,AZ,857501341,,,,print,,,ORG,@new
408,1574,2016,1060524,SB21B42863,C00571000,PI,,Uber,A40,319,03/24/2015,,CA,,,,,travel,,,ORG,@auto
409,1575,2016,1061251,B574567,C00125641,PB,,,R30,2500,05/26/2015,Orefield,PA,,C00461046,S4PA00121,,contribut,P2016,,CCM,@new
410,1576,2016,1062459,VN7GD9ZA8J0,C00495028,OI,,,N10,10,06/30/2015,,CA,908083249,,,,refund,,,IND,@new
411,1580,2016,1064719,D561829,C00409730,PI,,,R30,5000,02/26/2015,Omaha,NE,681240023,C00557181,H4NE02054,,contribut,G2016,,CCM,@new
412,1582,2016,1065230,SB21BI884,C00571778,PI,,,A40,183,03/10/2015,MAHWAH,NJ,,,,,travel,,,ORG,@auto
413,1592,2016,1068484,D565798,C00525600,PI,,,A40,383,03/05/2015,Phoenix,AZ,,,,,travel,,,ORG,@auto
414,1593,2016,1068899,D572578,C00477067,PI,,,R30,5000,06/30/2015,,NY,,C00579433,H6NY13105,,contribut,P2016,,CCM,@new
415,1624,2016,1086620,SB2345656,C00251751,PB,,,R30,2000,07/06/2015,TIFTON,GA,,,H0GA08099,,contribut,P2016,,CCM,@new2
416,1630,2016,1090000,D525243,C00492140,OI,,,W10,1159,04/30/2015,Arlington,VA,,,,,salari,,,IND,@auto
417,1632,2016,1090722,D526258,C00492140,OI,,,W10,5406,06/15/2015,Washington,DC,,,,,salari,,,IND,@auto
418,1633,2016,1090884,D517229,C00492140,OI,,,W10,1694,01/15/2015,Washington,DC,,,,,salari,,,IND,@auto
419,1635,2016,1091603,D526426,C00492140,OI,,,M30,5,04/24/2015,,CA,,,,,advertis,,,ORG,@new
420,1636,2016,1091642,D526940,C00492140,OI,,,A40,862,05/05/2015,Chicago,IL,,,,,travel,,,ORG,@auto
421,1640,2016,1095622,SB2317131,C00012476,PL,,,R30,5000,09/29/2015,BALTIMORE,MD,,C00578658,,,contribut,P2016,,CCM,@new3
422,1643,2016,1097694,D166085,C00382556,PL,,,R30,1000,05/19/2015,Washington,DC,,,,,pac,P2016,,CCM,@new
423,1648,2016,1100101,SB2921586,C00101766,PB,,,R40,500,05/22/2015,Passaic,NJ,,,,,contribut,,,CCM,@new
424,1654,2016,1103890,D166004,C00250399,PB,,,W10,1882,05/15/2015,Alexandria,VA,,,,,payrol,,,ORG,@auto
425,1663,2016,1109198,B583076,C00004861,PL,,,R30,5000,09/15/2015,Atlanta,GA,,C00202416,H6GA05217,,contribut,G2016,,CCM,@new
426,1669,2016,1111604,D32-00AX0v,C00320432,PI,,Uber,A40,42,03/17/2016,,CA,,,,,taxi,,,ORG,@new
427,1680,2016,1121173,VNGY6A129F6,C00529693,PI,,,R30,1000,03/21/2016,,CA,951123680,C00351379,H0CA15148,,contribut,P2016,,CCM,@new3
428,1681,2016,1121368,VQZETA74SF5,C00492140,OI,,Uber,A40,10,03/18/2016,,CA,941031355,,,,travel,,,ORG,@auto
429,1682,2016,1123364,B595621,C00268904,PB,,,R30,3000,03/01/2016,Jefferson,LA,,C00394957,H0LA01087,,contribut,P2016,,CCM,@new3
430,1683,2016,1123522,VQZETA4TXF3,C00492140,OI,,,A40,14,12/31/2015,Washington,DC,200021804,,,,travel,,,ORG,@auto
431,1684,2016,1123631,VQZETA74Q39,C00492140,OI,,,A40,646,03/18/2016,Chicago,IL,606612559,,,,lodg,,,ORG,@auto
432,1685,2016,1124602,VQZETA4QPN9,C00492140,OI,,,U10,189,10/08/2015,Davenport,IA,528067343,,,,photocopi,,,ORG,@new
433,1690,2016,1130935,VQZETA1HN40,C00492140,OI,,,A40,84,10/01/2015,Chicago,IL,606612559,,,,lodg,,,ORG,@auto
434,1694,2016,1135555,SB21B-262778,C00193433,PI,,,U10,265,03/17/2016,Philadelphia,PA,191700001,,,,deliveri,,,ORG,@new
435,1699,2016,1138709,VQZETA6R679,C00492140,OI,,,W10,4978,02/29/2016,Washington,DC,200103342,,,,salari,,,IND,@auto
436,1709,2016,1148931,SB237764,C00242040,PB,,,R30,1000,03/02/2015,SAVANNAH,GA,,C00543967,,,contribut,G2016,,CCM,@new3
437,1716,2016,1156115,SB2343826,C00251751,PB,,,R30,2000,05/22/2015,HAYS,KS,,,S0KS00091,,contribut,P2016,,CCM,@new3
438,1721,2016,1159115,D669455,C00431478,PI,,,R30,1000,06/23/2015,Omaha,NE,681240023,C00557181,H4NE02054,,contribut,P2016,,CCM,@new
439,1723,2016,1160343,SB21B-252493,C00193433,PI,,,W10,2733,06/30/2015,Washington,DC,,,,,salari,,,IND,@auto
440,1724,2016,1160386,SB21B-252457,C00193433,PI,,,W10,1117,06/30/2015,Washington,DC,,,,,salari,,,IND,@auto
441,1738,2016,1166980,66451809,C00097485,PB,,,R30,1000,06/24/2015,Shelbyville,IN,,C00460667,H0IN02125,,contribut,P2016,,CCM,@new
442,1744,2016,1171823,B576836,C00096156,PB,,,R30,2500,06/25/2015,Albany,NY,,C00450049,H8NY21203,,contribut,P2016,,CCM,@new
443,1750,2016,1176314,D622597,C00366666,PI,,,R30,1000,03/31/2015,,CA,,C00502575,H2CA36439,,contribut,P2016,,CCM,@new
444,1755,2016,1178432,SB235835,C00427781,PB,,,R30,5000,06/17/2015,TUSCALOOSA,AL,,,S6AL00013,,contribut,G2016,,CCM,@new3
445,1756,2016,1178434,SB234522,C00504365,PI,,,R30,1000,06/26/2015,PENSACOLA,FL,,,H2FL01100,,contribut,P2016,,CCM,@new3
446,1757,2016,1178507,SB234141,C00571323,PI,,,R10,15000,01/27/2015,WASHINGTON,NC,,,,,contribut,O2015,OTHER,PTY,@new
447,1761,2016,1180793,B-365,C00510701,OI,,,A60,450,01/15/2016,Willows,CA,95988-098,,,,bookkeep,P2016,,COM,@auto
448,1769,2016,1183796,SB21BI91960,C00569905,OI,,,U10,3146,02/22/2016,LADSON,SC,,,,,postag,,,IND,@new
449,1770,2016,1184392,D522894,C00410092,PI,,,A70,279,01/29/2016,Madison,WI,537033354,,,,rent,P2016,,ORG,@auto
450,1773,2016,1186896,SB21B13949,C00600817,OI,,,F40,1,01/09/2016,,CA,,,,,paypal,,,ORG,@new
451,1774,2016,1187151,SB21B14204,C00600817,OI,,,F40,1,01/12/2016,,CA,,,,,paypal,,,ORG,@new
452,1775,2016,1187611,SB21B14664,C00600817,OI,,,F40,1,01/19/2016,,CA,,,,,paypal,,,ORG,@new
453,1776,2016,1188405,SB21B15459,C00600817,OI,,,F40,3,02/03/2016,,CA,,,,,paypal,,,ORG,@new
454,1777,2016,1189055,SB21B16109,C00600817,OI,,,F40,1,03/07/2016,,CA,,,,,paypal,,,ORG,@new
455,1778,2016,1190823,VQZ6GA79CE4,C00580068,OI,,,W10,2135,03/15/2016,Evanston,IL,602022571,,,,payrol,,,IND,@auto
456,1781,2016,1192578,SB2382476,C00326439,PI,,,R30,1000,03/31/2016,,CA,,,H6CA52130,,contribut,P2016,,CCM,@new3
457,1788,2016,1193705,D640407,C00366666,PI,,,R10,15000,03/23/2016,Washington,DC,200034024,C00000935,,,contribut,,,PTY,@new
458,1793,2016,1196372,D640224,C00327395,PI,,,W10,45,03/15/2016,Washington,DC,200026431,,,,salari,,,IND,@auto
459,1798,2016,1201544,VNTPK9SRJ71,C00547349,OI,,,W10,1505,03/31/2016,Concord,NH,033016313,,,,salari,,,IND,@auto
460,2270,2016,1514073,B66CC68A5563449F8A65,C00551184,PB,,,R30,1000,08/28/2015,,NY,100166823,,S8NY00082,,contribut,P2016,,COM,@new
461,2295,2016,1527218,38420133,C00000885,PL,,,R40,5000,07/28/2015,Dayton,OH,,,,,contribut,,,COM,@new2
462,2297,2016,1528503,JUL2015-00212,C00370007,PI,,,A40,624,05/21/2015,Atlanta,GA,,,,,airfar,,,ORG,@auto
463,2307,2016,1534182,B579270,C00002881,PB,,,R30,2500,07/31/2015,Hazleton,PA,,C00445122,H2PA11098,,contribut,P2016,,CCM,@new3
464,2308,2016,1534451,D167894,C00373696,PB,,,R30,1000,07/15/2015,Unionville,PA,,C00310136,H6PA16197,,contribut,P2016,,CCM,@new3
465,2309,2016,1535142,591B492A1246CF89E9B,C00303339,PB,,,R30,2000,07/14/2015,Oakland,ME,,C00518654,H4ME02234,,contribut,P2016,,CCM,@new3
466,2319,2016,1539263,7250535,C00349373,PB,,,R30,5000,07/27/2015,,TX,,C00437913,H8TX22107,,contribut,P2016,,CCM,@new
467,2320,2016,1539894,SB21B4352,C00568840,OI,,,A40,230,03/02/2015,,TX,,,,,airfar,,,ORG,@auto
468,2323,2016,1540518,SB21B4158,C00408880,PI,,,A60,1500,12/31/2015,Charlotte,NC,,,,,account,,,IND,@auto
469,2324,2016,1541526,10786257,C00158881,PB,,,R30,2500,12/08/2015,Riverside,CA,,,,,contribut,G2016,,CCM,@new
470,2331,2016,1545118,SB235980,C00406066,PB,,,R30,1000,12/05/2015,MIAMI,FL,,,,,contribut,P2016,,CCM,@new4
471,2332,2016,1546500,B952CB31C810742F68CD,C00235572,PI,OrrinPAC,,F30,1001,12/30/2015,WASHINGTON,DC,,,,,food/beverag,,,ORG,@new2
472,2338,2016,1553242,D573911,C00525600,PI,,Amtrak,A40,30,09/05/2015,Washington,DC,200024285,,,,travel,,,ORG,@auto
473,2339,2016,1554635,VN7GB9ZJN05,C00484642,OI,,,W10,1987,08/31/2015,Washington,DC,200034862,,,,salari,,,IND,@auto
474,2343,2016,1556876,D578818,C00525600,PI,,,W10,1031,12/31/2015,Hyattsville,MD,,,,,salari,,,IND,@auto
475,2357,2016,1567882,B590183,C00008474,PB,,,R30,2000,12/16/2015,Alexandria,VA,,C00555888,H4VA08224,,contribut,P2016,,CCM,@new
476,2358,2016,1569045,B588622,C00479246,PB,,,R10,5000,11/25/2015,Washington,DC,,C00042366,,,contribut,O2015,,PTY,@new
477,2361,2016,1571500,SB2311276,C00462630,PB,,,R30,2500,07/30/2015,OTTAWA,IL,,,H0IL11052,,contribut,P2016,,CCM,@new3
478,2365,2016,1573783,SB23102292,C00011114,PL,,,R30,1500,12/16/2015,Chicago,IL,,,H4IL07037,,contribut,P2016,,CCM,@new3
479,2366,2016,1575015,B591947,C00144345,PB,Sanofi,,R30,1000,12/22/2015,Washington,DC,,C00347492,H0OH12062,,contribut,P2016,,CCM,@new
480,2369,2016,1577370,VNTPK9S9712,C00547349,OI,,,W10,750,11/13/2015,Concord,NH,033016313,,,,salari,,,IND,@auto
481,2374,2016,1579411,SB23-2866-6865-e,C00447565,PB,,,R30,1000,12/04/2015,Wheaton,IL,601870713,C00410969,H6IL06117,,contribut,G2016,,COM,@new
482,2384,2016,1585932,SB235233,C00443895,PB,,,R30,1000,11/13/2015,,SD,,C00443895,,,contribut,P2016,,CAN,@new3
483,2386,2016,1586881,38709241,C00238725,PL,,,R30,1000,11/01/2015,,MO,,,,,contribut,P2016,,CCM,@new
484,2387,2016,1587273,SB238488,C00107615,PB,,,R50,1500,09/11/2015,,NV,,,S2NV00183,,contribut,G2016,,CCM,@new2
485,2395,2016,1588953,SB2930547,C00155069,PL,,,M00,669,11/25/2015,BUFFALO,NY,,,,,advertis,,,ORG,@new
486,2414,2016,1600669,B578475,C00429001,PB,,,R35,3000,07/21/2015,Washington,DC,,C00568162,,,contribut,O2016,,CCM,@new
487,2415,2016,1601518,38709257,C00238725,PL,,,R30,1000,11/01/2015,Bethesda,MD,,,,,contribut,G2016,,CCM,@new
488,2422,2016,1605556,B589911,C00468660,PB,,,R50,1000,11/17/2015,Springfield,VA,,C00531517,,,contribut,O2015,,PAC,@new2
489,2425,2016,1606514,SB21B6271,C00492595,OI,,,A70,371,04/01/2015,Oakland,CA,,,,,rent,,,ORG,@auto
490,2433,2016,1611219,SB234789,C00488080,PB,,,R30,1000,08/17/2015,Arlington,VA,,,S0ND00093,,contribut,P2016,,CCM,@new3
491,2445,2016,1618208,EXPB10551,C00220558,PI,,,R10,5000,10/02/2015,Washington,DC,,,,,contribut,,,PTY,@new
492,2447,2016,1618455,EXPB26782,C00480830,PL,,,R30,2000,08/28/2015,,CA,,,,,contribut,P2016,,CCM,@new
493,2463,2016,1627431,SB234378,C00528992,PI,,,R30,1000,09/12/2015,GREENSBORO,NC,,,H4NC12100,,contribut,P2016,,CCM,@new3
494,2468,2016,1628946,38604687,C00238725,PL,,,R30,1000,09/29/2015,,NY,,C00571869,H6NY11174,,contribut,P2016,,CCM,@new
495,2483,2016,1637338,VNTPK9S9408,C00547349,OI,,,W10,770,11/13/2015,Orlando,FL,328067819,,,,salari,,,IND,@auto
496,2498,2016,1645450,VNTPK9S9PQ8,C00547349,OI,,Mediacom,A70,116,11/23/2015,,IA,506162020,,,,util,,,ORG,@auto
497,2504,2016,1650371,B583156,C00005157,PL,,,R30,2500,09/15/2015,Annandale,VA,,C00558213,H4MI12079,,contribut,P2016,,CCM,@new
498,2542,2016,1676720,SB21B-256162-10000,C00193433,PI,,,A40,-110,09/21/2015,HANOVER,MD,210761316,,,,mileag,,,ORG,@auto
499,2543,2016,1677269,SB23-EX563,C00489336,PI,,,R30,2500,09/25/2015,Anchorage,AK,,C00384529,S4AK00099,,contribut,P2016,,CCM,@new
500,2545,2016,1679622,BD29AE742BC3F4A1AA81,C00390831,PI,,,R30,2500,09/28/2015,Batavia,IL,605100039,,H0IL14080,,contribut,P2016,,COM,@new
501,2555,2016,1686255,67977718,C00034132,PB,,,R30,1500,10/13/2015,Washington,DC,,C00244335,H0DC00058,,contribut,P2016,,CCM,@new
502,2557,2016,1686439,D169222,C00373696,PB,,,R30,2500,10/29/2015,RIVERDALE,GA,,C00369801,H2GA13012,,contribut,P2016,,CCM,@new
503,2566,2016,1691449,SB2378297,C00013342,PL,,,R30,1000,10/22/2015,MURPHYSBORO,IL,,,H4IL12060,,contribut,P2016,,CCM,@new3
504,3952,2016,2533290,SB21B5032,C00532572,OI,,,W10,3192,06/30/2015,Warrenton,VA,,,,,payrol,,,IND,@auto
505,4004,2016,2567362,SB21B202969,C00417857,PI,,Kall8,A70,39,07/14/2015,Seattle,WA,,C00417857,,,telephon,,,ORG,@new
506,4124,2016,2632487,SB2319734,C00388462,PB,,,R30,1850,06/23/2015,,IA,,,H6IA02146,,contribut,P2016,,CCM,@new3
507,5159,2016,3336815,D691902,C00455741,PI,,,R30,500,10/20/2015,,PA,,C00560920,H4PA07092,,contribut,,,CCM,@new
508,5166,2016,3342705,SB234371,C00393769,PI,,,R30,1000,01/14/2016,WASHINGTON,DC,,,H0CA10149,,contribut,P2016,,CCM,@new3
509,5170,2016,3344382,0001823,C00402909,PI,,,R20,100,01/02/2016,Orlando,FL,,,,,contribut,P2016,,ORG,@new
510,5171,2016,3344698,69509602,C00251876,PB,,,R30,4000,01/19/2016,Sarasota,FL,,C00412759,H6FL13148,,contribut,G2016,,CCM,@new3
511,5174,2016,3345095,B593220,C00235739,PB,,,R30,2500,01/28/2016,Washington,DC,,C00397737,H4WA08071,,contribut,P2016,,CCM,@new3
512,5178,2016,3347675,B588187,C00431072,PB,,,R30,-5000,01/22/2016,Merrifield,VA,,C00575795,P00003392,,contribut,P2016,,CCM,@new3
513,5179,2016,3348201,B592845,C00479246,PB,,,R30,2500,01/20/2016,Aurora,IL,,C00435099,H8IL14067,,contribut,P2016,,CCM,@new3
514,7009,2016,4560797,SB21B_M22016_0180,C00401224,PI,ActBlue,,W10,2481,01/29/2016,,CT,,,,,salari,,,IND,@auto
515,8188,2016,5372054,VPEN5A19Z85,C00574418,OI,,Uber,A40,8,10/26/2015,,CA,941031355,,,,travel,,,ORG,@auto
516,8191,2016,5372188,SB294414,C00554055,PU,,,R40,50,10/27/2015,Columbus,OH,,,,,contribut,,,CCM,@new2
517,8196,2016,5374449,SB21BI4514,C00573154,OI,,,W10,377,01/29/2016,ROGERS,MN,,,,,salari,,,IND,@auto
518,8198,2016,5375648,SB21BI5469,C00573154,OI,,,W10,1615,02/11/2016,ALEXANDRIA,VA,,,,,salari,,,IND,@auto
519,8199,2016,5375888,SB21BI5464,C00573154,OI,,,W10,692,02/11/2016,,MO,,,,,salari,,,IND,@auto
520,8200,2016,5375961,SB21BI5366,C00573154,OI,,,W10,865,02/26/2016,ALEXANDRIA,VA,,,,,salari,,,IND,@auto
521,8201,2016,5377253,SB21BI2601,C00573154,OI,,,W10,1615,12/31/2015,EDMOND,OK,,,,,salari,,,IND,@auto
522,8202,2016,5377364,SB21BI1343,C00573154,OI,,,W10,204,11/06/2015,BOW,NH,,,,,salari,,,IND,@auto
523,8203,2016,5377697,SB21BI1973,C00573154,OI,,,W10,288,12/31/2015,ALEXANDRIA,VA,,,,,salari,,,IND,@auto
524,8204,2016,5377726,SB21BI2298,C00573154,OI,,,W10,2096,10/23/2015,PAXTON,MA,,,,,salari,,,IND,@auto
525,8208,2016,5379440,SB2320028,C00048165,PB,,,R30,1500,01/18/2016,LAREDO,TX,,,,,contribut,P2016,,CAN,@new4
526,8210,2016,5382285,VPEP0A11VG8,C00573261,PI,,,R30,2500,12/07/2015,Deerfield,IL,600156005,C00495952,H2IL10068,,contribut,P2016,,CCM,@new
527,8219,2016,5388972,SB21B-265594,C00193433,PI,,,W10,993,04/29/2016,"Washington,",DC,,,,,salari,,,IND,@auto
528,8233,2016,5396691,SB234551,C00013342,PL,,,R30,2500,04/07/2016,CHARLESTON,WV,,,S0WV00090,,contribut,G2018,,CCM,@new3
529,8234,2016,5396694,SB234565,C00013342,PL,,,R30,1000,04/27/2016,,VA,,,H6VA01117,,contribut,G2016,,CCM,@new3
530,8235,2016,5396702,SB294624,C00013342,PL,,,R40,500,04/25/2016,Johnstown,PA,,,,,contribut,P2016,,ORG,@new2
531,8243,2016,5401441,D583660,C00348607,PI,Impact,,R30,5000,04/18/2016,Newark,NJ,,C00264564,S6NJ00289,,contribut,G2018,,PAC,@new3
532,8246,2016,5402686,SB21BI285,C00571372,OI,,Uber,A40,10,02/12/2015,,CA,,,,,travel,,,ORG,@auto
533,8249,2016,5403862,SB21BI1793,C00571372,OI,,Uber,A40,18,10/12/2015,,CA,,,,,travel,,,ORG,@auto
534,8250,2016,5404268,VN7GDA14FA1,C00495028,OI,,,W10,1398,04/29/2016,Washington,DC,200023719,,,,salari,,,IND,@auto
535,8251,2016,5404858,VNTPK9SW1D4,C00547349,OI,,,U10,970,04/22/2016,Berkeley,CA,947101437,,,,print,,,ORG,@new
536,8252,2016,5404935,VNTPK9SWM11,C00547349,OI,,,W10,500,04/29/2016,Cincinnati,OH,452292008,,,,salari,,,IND,@auto
537,8260,2016,5411519,VPEC8A20BJ4,C00003632,PL,,,R30,5000,04/19/2016,Madison,WI,537031701,C00502179,H2WI02124,,contribut,P2016,,CCM,@new3
538,8261,2016,5411610,VPEN1A1VYM7,C00413716,PI,,,R30,1000,03/21/2016,,CA,924230954,C00510461,H2CA31125,,contribut,P2016,,CCM,@new
539,9635,2016,6280032,SB28A-262477,C00193433,PI,,,N10,35,02/08/2016,,IL,,,,,refund,,,IND,@new
540,9636,2016,6281529,B594751,C00009282,PB,,,R30,5000,02/22/2016,Alexandria,VA,,C00555888,H4VA08224,,contribut,G2016,,CCM,@new3
541,9637,2016,6282161,EXPB59048,C00362640,PB,,,R50,2500,02/17/2016,Washington,DC,,,,,contribut,,,COM,@new2
542,9638,2016,6283113,VQZ69A6N452,C00433680,PI,,,A40,290,02/03/2016,,MT,597162000,,,,lodg,O2015,,ORG,@auto
543,9643,2016,6284933,BF3CA72697186472B9FA,C00361956,PI,,,W10,939,02/01/2016,Atlanta,GA,303251336,,,,salari,,,ORG,@auto
544,9658,2016,6294113,SB21B-260791,C00193433,PI,,,W10,2173,01/15/2016,Brooklyn,NY,,,,,salari,,,IND,@auto
545,9659,2016,6294676,D171044,C00250399,PB,,,R50,5000,02/18/2016,Springfield,VA,221520485,C00467431,,,contribut,,,PAC,@new2
546,9666,2016,6299978,SB21BI9263,C00493924,PI,,,A40,150,01/07/2015,KISSIMMEE,FL,,,,,lodg,,,ORG,@auto
547,9689,2016,6317142,VNTPK9SN1C2,C00547349,OI,,,W10,28,02/12/2016,,IA,503092023,,,,salari,,,IND,@auto
548,9696,2016,6320777,EXPB5578,C00370114,PB,,,R30,1500,04/13/2016,Tuscaloosa,AL,,C00193623,,,contribut,G2016,,CCM,@new
549,9736,2016,6347342,14035559,C00186064,PB,,,R30,2500,05/03/2016,Bakersfield,CA,,C00420935,H6CA22125,,contribut,G2016,,CCM,WAD16
550,9737,2016,6347440,B598560,C00444885,PB,,,R30,5000,04/07/2016,Chicago,IL,,C00148999,S6IL00151,,contribut,P2020,,CCM,@new
551,9755,2016,6359983,B600865,C00326595,PB,,,R30,5000,05/09/2016,Gastonia,NC,,C00393629,H4NC10047,,contribut,P2016,,CCM,WAD16
552,9762,2016,6362951,D473896,C00458000,PI,,,M30,751,12/08/2015,,CA,943011688,,,,advertis,,,ORG,@new
553,9764,2016,6364011,SB21B474814,C00581868,OI,,,W10,1626,11/16/2015,Columbia,SC,,,,,payrol,,,IND,@auto
554,9832,2016,6419152,BF9B778BA4F044D10A92,C00012328,PB,,,R30,1000,05/12/2016,Washington,DC,200031819,,H8NY07046,,contribut,P2016,,COM,WAD16
555,9837,2016,6420760,23192132,C00106146,PB,,,R30,1000,05/24/2016,Dearborn,MI,,C00558213,H4MI12079,,contribut,P2016,,CCM,WAD16
556,9844,2016,6427300,VN7FFA14TW1,C00503789,OI,,,R40,50000,05/02/2016,Richmond,VA,232180597,,,,contribut,,,ORG,@new
557,9847,2016,6430046,23-02-01241-01567,C00410308,PI,,,R30,2000,05/24/2016,Greensboro,NC,,C00546358,H4NC12100,,contribut,P2016,,CCM,WAD16
558,9848,2016,6430158,11181645,C00084491,PB,,,R30,2500,05/23/2016,Savannah,GA,,C00543967,H4GA01039,,contribut,P2016,,CCM,WAD16
559,9851,2016,6431372,D586020,C00525600,PI,,,A40,857,05/05/2016,Washington,DC,,,,,travel,,,ORG,@auto
560,9852,2016,6432251,SB21B76061,C00581868,OI,,Hotels.Com,A40,302,05/04/2016,Dallas,TX,,,,,lodg,,,ORG,@auto
561,9857,2016,6433894,VNTPK9SZ994,C00547349,OI,,,W10,1533,05/31/2016,Concord,NH,033016313,,,,salari,,,IND,@auto
562,9862,2016,6438601,B599269,C00477653,PB,,,R30,5000,04/18/2016,Indianapolis,IN,,C00500207,H2IN05082,,contribut,G2016,,CCM,@new3
563,9877,2016,6449225,SB11061589862442,N00007876,DI,,,U10,21,08/05/2015,MEMPHIS,TN,381011140,,S2WA00189,,ship,,,,@new
564,9881,2016,6452722,SB02221611953882,N00009918,DI,,,A70,21,12/12/2015,,TX,782052255,,S4VT00017,,telephon,,,,@new
565,9883,2016,6454802,SB05041501991029,N00007724,DI,,,A20,2700,02/12/2015,WASHINGTON,DC,200055006,,S6OR00110,,databas,,,,@new
566,9885,2016,6454961,SB02171603231485,N00007724,DI,,,F30,207,12/04/2015,,NY,100245306,,S6OR00110,,cater,,,,@new
567,9888,2016,6456889,SB08071586112617,N00001093,DI,,,A40,413,04/30/2015,WASHINGTON,DC,,,S8NY00082,,travel,,,,@auto
568,9889,2016,6456945,SB11051589841726,N00001093,DI,,,U10,62,07/31/2015,,NY,,,S8NY00082,,postag,,,,@new
569,9892,2016,6458394,SB06161606481110,N00012539,RI,,,A40,401,03/18/2016,CHICAGO,IL,606100000,,S0IL00261,,airfar,,,,@auto
570,9893,2016,6459366,SB0311167520613,N00012539,RI,,,W10,450,01/01/2016,SYCAMORE,IL,601788908,,S0IL00261,,salari,,,,@auto
571,9902,2016,6464788,SB08111554411504,N00004572,RI,,,A30,209,06/12/2015,WASHINGTON,DC,205100001,,S2SD00068,,meal,,,,@new
572,9903,2016,6467856,SB10281577492835,N00030608,DI,,,F30,347,09/09/2015,DENVER,CO,802031305,,S0CO00211,,cater,,,,@new
573,9907,2016,6469870,SB08101549211923,N00030608,DI,,,F30,587,03/23/2015,DENVER,CO,,,S0CO00211,,cater,,,,@new
574,9908,2016,6470575,SB07281529662529,N00003682,RI,,,A40,2344,05/11/2015,,CA,940255235,,S0OH00133,,lodg,,,,@auto
575,9910,2016,6471607,SB07281529522488,N00003682,RI,,,C10,4700,05/01/2015,,FL,320826277,,S0OH00133,,print,,,,@new2
576,9914,2016,6473961,SB04271696524578,N00001489,RI,,,F40,2478,01/25/2016,CHANTILLY,VA,201511501,,S4PA00121,,cage,,,,@new
577,9920,2016,6477807,SB04221632536202,N00028049,DL,,,W10,814,02/15/2016,MEDIA,PA,,,S0PA00434,,payrol,,,,@auto
578,9924,2016,6479137,SB0519160281362,N00031129,RI,,,A70,752,02/08/2016,,OK,,,S4OK00232,,phone/cable/internet,,,,@new
579,9925,2016,6480845,SB09171594232759,N00031696,RI,,Maverik,A40,28,05/07/2015,,UT,,,S0UT00165,,travel,,,,@auto
580,9926,2016,6480946,SB08071556581623,N00031696,RI,,,A30,168,03/10/2015,MINNEAPOLIS,MN,,,S0UT00165,,food/beverag,,,,@new
581,9929,2016,6485175,SB06101627322382,N00030891,RL,,,W10,797,03/01/2016,INDIANAPOLIS,IN,,,S0IN00095,,salari,,,,@auto
582,9930,2016,6485213,SB06101628132624,N00030891,RL,,,A30,45,01/04/2016,HOWE,IN,,,S0IN00095,,food/beverag,,,,@new
583,9931,2016,6485221,SB02241656121167,N00030891,RL,,,W10,1920,12/31/2015,INDIANAPOLIS,IN,,,S0IN00095,,salari,,,,@auto
584,9934,2016,6486799,SB04271655571728,N00031685,DI,,,F30,293,02/08/2016,WASHINGTON,DC,200011501,,S0CT00177,,cater,,,,@new
585,9939,2016,6488170,SB05061680453675,N00033091,DC,,,W10,2132,02/16/2016,ORLANDO,FL,328107225,,S6FL00319,,payrol,,,,@auto
586,9943,2016,6491883,SB10281567571929,N00034746,RI,,,U10,1761,09/04/2015,WASHINGTON,DC,,,S6FL00293,,postag,,,,@auto
587,9948,2016,6497463,SB0210169290634,N00028138,DI,,,F30,205,10/01/2015,,NY,100224614,,S4HI00136,,cater,,,,@new
588,9949,2016,6497901,SB0519160078306,N00035717,RI,,,A40,30,12/09/2015,,CA,,,S6FL00350,,transport,,,,@auto
589,9954,2016,6499721,SB0307160826791,N00036923,DL,,Insperity,W10,3874,05/15/2015,KINGWOOD,TX,773393802,,S6OH00247,,payrol,,,,@auto
590,9955,2016,6499846,SB0307160275990,N00036923,DL,,,N10,2700,12/18/2015,CINCINNATI,OH,452371739,,S6OH00247,,refund,,,,@new
591,9958,2016,6503038,SB05011519062244,N00036915,DO,,,U10,35,03/31/2015,,CA,900172680,,S6CA00584,,ship,,,,@new
592,9960,2016,6504932,SB05101662552877,N00003730,DC,,,A40,20,02/25/2016,COLUMBUS,OH,432153603,,S6OH00254,,travel,,,,@auto
593,9963,2016,6505862,SB02121665653160,N00003730,DC,,,N10,2700,12/06/2015,SEATTLE,WA,981055331,,S6OH00254,,refund,,,,@new
594,9964,2016,6506485,SB10221529212520,N00013820,DO,,,A70,308,05/20/2015,KENSINGTON,MD,208952522,,S6MD03441,,storag,,,,@new
595,9966,2016,6507386,SB02251691072796,N00013820,DO,,,W10,2110,12/14/2015,COLUMBIA,MD,,,S6MD03441,,salari,,,,@auto
596,9967,2016,6509069,SB04221674085492,N00028249,DL,,,W10,1631,01/05/2016,PINCKNEY,MI,481699574,,S6MD03458,,salari,,,,@auto
597,9969,2016,6510677,SB042116098085,N00037159,RN,,Speedway,A40,28,02/18/2016,NOBLESVILLE,IN,460628906,,S6IN00175,,ga,,,,@new
598,9970,2016,6511795,SB02221698594012,N00027860,DC,,,U10,1,12/15/2015,CHICAGO,IL,606104300,,S6IL00292,,postag,,,,@auto
599,9971,2016,6513175,SB051916963419,N00037156,DC,,,C10,219,02/12/2016,BURBANK,CA,,,S6AL00302,,brochur,,,,@new
600,9981,2016,6518812,SB0429163428662,N00008274,DO,,,A40,158,03/22/2016,DALLAS,TX,,,S6CA00691,,airfar,,,,@auto
601,9989,2016,6523545,SB0513164017252,N00037495,RC,,,A40,646,01/06/2016,,NY,111014020,,S6FL00343,,airfar,,,,@auto
602,9991,2016,6524892,SB02261690075,N00037553,DC,,,M30,92,12/07/2015,,CA,,,S6UT00238,,advertis,,,,@new
603,9997,2016,6530452,SB0510160760657,N00039052,DC,,,W10,3091,03/31/2016,LEXINGTON,KY,,,S6KY00120,,payrol,,,,@auto
